"HITId","HITTypeId","Title","Description","Keywords","Reward","CreationTime","MaxAssignments","RequesterAnnotation","AssignmentDurationInSeconds","AutoApprovalDelayInSeconds","Expiration","NumberOfSimilarHITs","LifetimeInSeconds","AssignmentId","WorkerId","AssignmentStatus","AcceptTime","SubmitTime","AutoApprovalTime","ApprovalTime","RejectionTime","RequesterFeedback","WorkTimeInSeconds","LifetimeApprovalRate","Last30DaysApprovalRate","Last7DaysApprovalRate","Input.scenario","Input.question","Input.sj_name","Input.vs_name","Input.radioGroupName","Answer.taskAnswers","Approve","Reject"
"338431Z1GZD5H02JF4GLVCH3OIYROL","33VSRLCQVFZ8VYZBSQI3AA110LIXCD","Evaluating face relighting results","In each task, you will assess which result most convincingly relights an input face image to match a target lighting condition.","Computer vision, Face relighting, Evaluation, User study, Computer graphic, AI, Machine learning, Deep learning","$0.15","Thu Sep 18 01:01:00 PDT 2025","15","BatchId:5346586;OriginalHitTemplateId:920937340;","300","259200","Thu Sep 25 01:01:00 PDT 2025","","","336KAV9KY5Q3UENUW3FKLF3SYKRY28","A1DVKS3R9SLQ1H","Submitted","Thu Sep 18 01:03:29 PDT 2025","Thu Sep 18 01:04:31 PDT 2025","Sun Sep 21 01:04:31 PDT 2025","","","","62","100% (6/6)","0% (0/0)","0% (0/0)","1","1","pair11#pair15#pair19#pair5#pair16#pair3#pair2#pair6#pair10#pair13","difareli++-vs-hou22_geom#difareli++-vs-ic_light#difareli++-vs-diffusionrig#difareli++-vs-relipa#difareli++-vs-hou22_geom#difareli++-vs-diffusionrig#difareli++-vs-ic_light#difareli++-vs-relipa#difareli++-vs-relipa#difareli++-vs-hou22_geom","1","[{""q10_p16"":{""a1_hou22_geom"":false,""a2_difareli++"":true},""q11_p3"":{""a1_difareli++"":true,""a2_diffusionrig"":false},""q12_p3"":{""a1_difareli++"":true,""a2_diffusionrig"":false},""q13_p2"":{""a1_ic_light"":false,""a2_difareli++"":true},""q14_p2"":{""a1_ic_light"":true,""a2_difareli++"":false},""q15_p6"":{""a1_relipa"":false,""a2_difareli++"":true},""q16_p6"":{""a1_difareli++"":true,""a2_relipa"":false},""q17_p10"":{""a1_difareli++"":true,""a2_relipa"":false},""q18_p10"":{""a1_difareli++"":true,""a2_relipa"":false},""q19_p13"":{""a1_hou22_geom"":false,""a2_difareli++"":true},""q1_p11"":{""a1_difareli++"":true,""a2_hou22_geom"":false},""q20_p13"":{""a1_difareli++"":true,""a2_hou22_geom"":false},""q2_p11"":{""a1_hou22_geom"":false,""a2_difareli++"":true},""q3_p15"":{""a1_difareli++"":true,""a2_ic_light"":false},""q4_p15"":{""a1_ic_light"":false,""a2_difareli++"":true},""q5_p19"":{""a1_diffusionrig"":false,""a2_difareli++"":true},""q6_p19"":{""a1_difareli++"":true,""a2_diffusionrig"":false},""q7_p5"":{""a1_relipa"":false,""a2_difareli++"":true},""q8_p5"":{""a1_difareli++"":true,""a2_relipa"":false},""q9_p16"":{""a1_difareli++"":true,""a2_hou22_geom"":false},""q{qnum}_p10"":{""a{anum}_{name}"":false},""q{qnum}_p11"":{""a{anum}_{name}"":false},""q{qnum}_p13"":{""a{anum}_{name}"":false},""q{qnum}_p15"":{""a{anum}_{name}"":false},""q{qnum}_p16"":{""a{anum}_{name}"":false},""q{qnum}_p19"":{""a{anum}_{name}"":false},""q{qnum}_p2"":{""a{anum}_{name}"":false},""q{qnum}_p3"":{""a{anum}_{name}"":false},""q{qnum}_p5"":{""a{anum}_{name}"":false},""q{qnum}_p6"":{""a{anum}_{name}"":false},""q{qnum}_p{p}"":{""a{anum}_{name}"":false}}]"
"338431Z1GZD5H02JF4GLVCH3OIYROL","33VSRLCQVFZ8VYZBSQI3AA110LIXCD","Evaluating face relighting results","In each task, you will assess which result most convincingly relights an input face image to match a target lighting condition.","Computer vision, Face relighting, Evaluation, User study, Computer graphic, AI, Machine learning, Deep learning","$0.15","Thu Sep 18 01:01:00 PDT 2025","15","BatchId:5346586;OriginalHitTemplateId:920937340;","300","259200","Thu Sep 25 01:01:00 PDT 2025","","","39O5D9O878QFCTI84BB07YG11AAC3Q","A26399B1QZ7XJJ","Submitted","Thu Sep 18 01:20:55 PDT 2025","Thu Sep 18 01:23:34 PDT 2025","Sun Sep 21 01:23:34 PDT 2025","","","","159","100% (2/2)","0% (0/0)","0% (0/0)","1","1","pair11#pair15#pair19#pair5#pair16#pair3#pair2#pair6#pair10#pair13","difareli++-vs-hou22_geom#difareli++-vs-ic_light#difareli++-vs-diffusionrig#difareli++-vs-relipa#difareli++-vs-hou22_geom#difareli++-vs-diffusionrig#difareli++-vs-ic_light#difareli++-vs-relipa#difareli++-vs-relipa#difareli++-vs-hou22_geom","1","[{""q10_p16"":{""a1_hou22_geom"":false,""a2_difareli++"":true},""q11_p3"":{""a1_diffusionrig"":false,""a2_difareli++"":true},""q12_p3"":{""a1_difareli++"":true,""a2_diffusionrig"":false},""q13_p2"":{""a1_difareli++"":false,""a2_ic_light"":true},""q14_p2"":{""a1_ic_light"":true,""a2_difareli++"":false},""q15_p6"":{""a1_difareli++"":true,""a2_relipa"":false},""q16_p6"":{""a1_relipa"":false,""a2_difareli++"":true},""q17_p10"":{""a1_relipa"":false,""a2_difareli++"":true},""q18_p10"":{""a1_difareli++"":true,""a2_relipa"":false},""q19_p13"":{""a1_difareli++"":true,""a2_hou22_geom"":false},""q1_p11"":{""a1_hou22_geom"":true,""a2_difareli++"":false},""q20_p13"":{""a1_difareli++"":true,""a2_hou22_geom"":false},""q2_p11"":{""a1_difareli++"":false,""a2_hou22_geom"":true},""q3_p15"":{""a1_ic_light"":false,""a2_difareli++"":true},""q4_p15"":{""a1_difareli++"":true,""a2_ic_light"":false},""q5_p19"":{""a1_diffusionrig"":false,""a2_difareli++"":true},""q6_p19"":{""a1_difareli++"":true,""a2_diffusionrig"":false},""q7_p5"":{""a1_relipa"":false,""a2_difareli++"":true},""q8_p5"":{""a1_relipa"":false,""a2_difareli++"":true},""q9_p16"":{""a1_hou22_geom"":true,""a2_difareli++"":false},""q{qnum}_p10"":{""a{anum}_{name}"":false},""q{qnum}_p11"":{""a{anum}_{name}"":false},""q{qnum}_p13"":{""a{anum}_{name}"":false},""q{qnum}_p15"":{""a{anum}_{name}"":false},""q{qnum}_p16"":{""a{anum}_{name}"":false},""q{qnum}_p19"":{""a{anum}_{name}"":false},""q{qnum}_p2"":{""a{anum}_{name}"":false},""q{qnum}_p3"":{""a{anum}_{name}"":false},""q{qnum}_p5"":{""a{anum}_{name}"":false},""q{qnum}_p6"":{""a{anum}_{name}"":false},""q{qnum}_p{p}"":{""a{anum}_{name}"":false}}]"
"338431Z1GZD5H02JF4GLVCH3OIYROL","33VSRLCQVFZ8VYZBSQI3AA110LIXCD","Evaluating face relighting results","In each task, you will assess which result most convincingly relights an input face image to match a target lighting condition.","Computer vision, Face relighting, Evaluation, User study, Computer graphic, AI, Machine learning, Deep learning","$0.15","Thu Sep 18 01:01:00 PDT 2025","15","BatchId:5346586;OriginalHitTemplateId:920937340;","300","259200","Thu Sep 25 01:01:00 PDT 2025","","","3EJPLAJKE1ERH5G0FRT6PZT6KJY6ZP","A54KH61CDVIB6","Submitted","Thu Sep 18 01:20:48 PDT 2025","Thu Sep 18 01:21:23 PDT 2025","Sun Sep 21 01:21:23 PDT 2025","","","","35","0% (0/0)","0% (0/0)","0% (0/0)","1","1","pair11#pair15#pair19#pair5#pair16#pair3#pair2#pair6#pair10#pair13","difareli++-vs-hou22_geom#difareli++-vs-ic_light#difareli++-vs-diffusionrig#difareli++-vs-relipa#difareli++-vs-hou22_geom#difareli++-vs-diffusionrig#difareli++-vs-ic_light#difareli++-vs-relipa#difareli++-vs-relipa#difareli++-vs-hou22_geom","1","[{""q10_p16"":{""a1_hou22_geom"":true,""a2_difareli++"":false},""q11_p3"":{""a1_diffusionrig"":true,""a2_difareli++"":false},""q12_p3"":{""a1_diffusionrig"":true,""a2_difareli++"":false},""q13_p2"":{""a1_difareli++"":true,""a2_ic_light"":false},""q14_p2"":{""a1_difareli++"":true,""a2_ic_light"":false},""q15_p6"":{""a1_relipa"":true,""a2_difareli++"":false},""q16_p6"":{""a1_relipa"":true,""a2_difareli++"":false},""q17_p10"":{""a1_difareli++"":true,""a2_relipa"":false},""q18_p10"":{""a1_difareli++"":true,""a2_relipa"":false},""q19_p13"":{""a1_difareli++"":false,""a2_hou22_geom"":true},""q1_p11"":{""a1_difareli++"":true,""a2_hou22_geom"":false},""q20_p13"":{""a1_difareli++"":false,""a2_hou22_geom"":true},""q2_p11"":{""a1_difareli++"":false,""a2_hou22_geom"":true},""q3_p15"":{""a1_ic_light"":true,""a2_difareli++"":false},""q4_p15"":{""a1_ic_light"":false,""a2_difareli++"":true},""q5_p19"":{""a1_difareli++"":false,""a2_diffusionrig"":true},""q6_p19"":{""a1_diffusionrig"":false,""a2_difareli++"":true},""q7_p5"":{""a1_difareli++"":true,""a2_relipa"":false},""q8_p5"":{""a1_relipa"":true,""a2_difareli++"":false},""q9_p16"":{""a1_difareli++"":true,""a2_hou22_geom"":false},""q{qnum}_p10"":{""a{anum}_{name}"":false},""q{qnum}_p11"":{""a{anum}_{name}"":false},""q{qnum}_p13"":{""a{anum}_{name}"":false},""q{qnum}_p15"":{""a{anum}_{name}"":false},""q{qnum}_p16"":{""a{anum}_{name}"":false},""q{qnum}_p19"":{""a{anum}_{name}"":false},""q{qnum}_p2"":{""a{anum}_{name}"":false},""q{qnum}_p3"":{""a{anum}_{name}"":false},""q{qnum}_p5"":{""a{anum}_{name}"":false},""q{qnum}_p6"":{""a{anum}_{name}"":false},""q{qnum}_p{p}"":{""a{anum}_{name}"":false}}]"
"338431Z1GZD5H02JF4GLVCH3OIYROL","33VSRLCQVFZ8VYZBSQI3AA110LIXCD","Evaluating face relighting results","In each task, you will assess which result most convincingly relights an input face image to match a target lighting condition.","Computer vision, Face relighting, Evaluation, User study, Computer graphic, AI, Machine learning, Deep learning","$0.15","Thu Sep 18 01:01:00 PDT 2025","15","BatchId:5346586;OriginalHitTemplateId:920937340;","300","259200","Thu Sep 25 01:01:00 PDT 2025","","","3F6HPJW4JSYZ59SUH2XW0IICNCSW28","A1EX0MEOPF8AHT","Submitted","Thu Sep 18 01:21:44 PDT 2025","Thu Sep 18 01:23:53 PDT 2025","Sun Sep 21 01:23:53 PDT 2025","","","","129","100% (7/7)","0% (0/0)","0% (0/0)","1","1","pair11#pair15#pair19#pair5#pair16#pair3#pair2#pair6#pair10#pair13","difareli++-vs-hou22_geom#difareli++-vs-ic_light#difareli++-vs-diffusionrig#difareli++-vs-relipa#difareli++-vs-hou22_geom#difareli++-vs-diffusionrig#difareli++-vs-ic_light#difareli++-vs-relipa#difareli++-vs-relipa#difareli++-vs-hou22_geom","1","[{""q10_p16"":{""a1_hou22_geom"":true,""a2_difareli++"":false},""q11_p3"":{""a1_difareli++"":true,""a2_diffusionrig"":false},""q12_p3"":{""a1_difareli++"":true,""a2_diffusionrig"":false},""q13_p2"":{""a1_ic_light"":true,""a2_difareli++"":false},""q14_p2"":{""a1_ic_light"":true,""a2_difareli++"":false},""q15_p6"":{""a1_relipa"":true,""a2_difareli++"":false},""q16_p6"":{""a1_difareli++"":true,""a2_relipa"":false},""q17_p10"":{""a1_relipa"":true,""a2_difareli++"":false},""q18_p10"":{""a1_difareli++"":false,""a2_relipa"":true},""q19_p13"":{""a1_difareli++"":true,""a2_hou22_geom"":false},""q1_p11"":{""a1_hou22_geom"":true,""a2_difareli++"":false},""q20_p13"":{""a1_difareli++"":false,""a2_hou22_geom"":true},""q2_p11"":{""a1_difareli++"":true,""a2_hou22_geom"":false},""q3_p15"":{""a1_ic_light"":true,""a2_difareli++"":false},""q4_p15"":{""a1_ic_light"":true,""a2_difareli++"":false},""q5_p19"":{""a1_difareli++"":true,""a2_diffusionrig"":false},""q6_p19"":{""a1_diffusionrig"":true,""a2_difareli++"":false},""q7_p5"":{""a1_difareli++"":true,""a2_relipa"":false},""q8_p5"":{""a1_relipa"":true,""a2_difareli++"":false},""q9_p16"":{""a1_hou22_geom"":true,""a2_difareli++"":false},""q{qnum}_p10"":{""a{anum}_{name}"":false},""q{qnum}_p11"":{""a{anum}_{name}"":false},""q{qnum}_p13"":{""a{anum}_{name}"":false},""q{qnum}_p15"":{""a{anum}_{name}"":false},""q{qnum}_p16"":{""a{anum}_{name}"":false},""q{qnum}_p19"":{""a{anum}_{name}"":false},""q{qnum}_p2"":{""a{anum}_{name}"":false},""q{qnum}_p3"":{""a{anum}_{name}"":false},""q{qnum}_p5"":{""a{anum}_{name}"":false},""q{qnum}_p6"":{""a{anum}_{name}"":false},""q{qnum}_p{p}"":{""a{anum}_{name}"":false}}]"
"338431Z1GZD5H02JF4GLVCH3OIYROL","33VSRLCQVFZ8VYZBSQI3AA110LIXCD","Evaluating face relighting results","In each task, you will assess which result most convincingly relights an input face image to match a target lighting condition.","Computer vision, Face relighting, Evaluation, User study, Computer graphic, AI, Machine learning, Deep learning","$0.15","Thu Sep 18 01:01:00 PDT 2025","15","BatchId:5346586;OriginalHitTemplateId:920937340;","300","259200","Thu Sep 25 01:01:00 PDT 2025","","","3FE7TXL1LXLULCW85TYQ8T0QZBBQ2Y","A5LYLHG880ABE","Submitted","Thu Sep 18 01:26:04 PDT 2025","Thu Sep 18 01:27:54 PDT 2025","Sun Sep 21 01:27:54 PDT 2025","","","","110","100% (5/5)","0% (0/0)","0% (0/0)","1","1","pair11#pair15#pair19#pair5#pair16#pair3#pair2#pair6#pair10#pair13","difareli++-vs-hou22_geom#difareli++-vs-ic_light#difareli++-vs-diffusionrig#difareli++-vs-relipa#difareli++-vs-hou22_geom#difareli++-vs-diffusionrig#difareli++-vs-ic_light#difareli++-vs-relipa#difareli++-vs-relipa#difareli++-vs-hou22_geom","1","[{""q10_p16"":{""a1_difareli++"":false,""a2_hou22_geom"":true},""q11_p3"":{""a1_difareli++"":true,""a2_diffusionrig"":false},""q12_p3"":{""a1_diffusionrig"":false,""a2_difareli++"":true},""q13_p2"":{""a1_difareli++"":true,""a2_ic_light"":false},""q14_p2"":{""a1_ic_light"":false,""a2_difareli++"":true},""q15_p6"":{""a1_relipa"":false,""a2_difareli++"":true},""q16_p6"":{""a1_relipa"":true,""a2_difareli++"":false},""q17_p10"":{""a1_relipa"":true,""a2_difareli++"":false},""q18_p10"":{""a1_relipa"":false,""a2_difareli++"":true},""q19_p13"":{""a1_difareli++"":true,""a2_hou22_geom"":false},""q1_p11"":{""a1_hou22_geom"":true,""a2_difareli++"":false},""q20_p13"":{""a1_hou22_geom"":false,""a2_difareli++"":true},""q2_p11"":{""a1_difareli++"":false,""a2_hou22_geom"":true},""q3_p15"":{""a1_ic_light"":true,""a2_difareli++"":false},""q4_p15"":{""a1_difareli++"":false,""a2_ic_light"":true},""q5_p19"":{""a1_difareli++"":true,""a2_diffusionrig"":false},""q6_p19"":{""a1_diffusionrig"":true,""a2_difareli++"":false},""q7_p5"":{""a1_relipa"":false,""a2_difareli++"":true},""q8_p5"":{""a1_difareli++"":true,""a2_relipa"":false},""q9_p16"":{""a1_difareli++"":true,""a2_hou22_geom"":false},""q{qnum}_p10"":{""a{anum}_{name}"":false},""q{qnum}_p11"":{""a{anum}_{name}"":false},""q{qnum}_p13"":{""a{anum}_{name}"":false},""q{qnum}_p15"":{""a{anum}_{name}"":false},""q{qnum}_p16"":{""a{anum}_{name}"":false},""q{qnum}_p19"":{""a{anum}_{name}"":false},""q{qnum}_p2"":{""a{anum}_{name}"":false},""q{qnum}_p3"":{""a{anum}_{name}"":false},""q{qnum}_p5"":{""a{anum}_{name}"":false},""q{qnum}_p6"":{""a{anum}_{name}"":false},""q{qnum}_p{p}"":{""a{anum}_{name}"":false}}]"
"338431Z1GZD5H02JF4GLVCH3OIYROL","33VSRLCQVFZ8VYZBSQI3AA110LIXCD","Evaluating face relighting results","In each task, you will assess which result most convincingly relights an input face image to match a target lighting condition.","Computer vision, Face relighting, Evaluation, User study, Computer graphic, AI, Machine learning, Deep learning","$0.15","Thu Sep 18 01:01:00 PDT 2025","15","BatchId:5346586;OriginalHitTemplateId:920937340;","300","259200","Thu Sep 25 01:01:00 PDT 2025","","","3FUI0JHJPCWRZTMPBI0ZEVC7VXX33J","A1XC5OV00MECKQ","Submitted","Thu Sep 18 01:05:11 PDT 2025","Thu Sep 18 01:08:39 PDT 2025","Sun Sep 21 01:08:39 PDT 2025","","","","208","100% (9/9)","0% (0/0)","0% (0/0)","1","1","pair11#pair15#pair19#pair5#pair16#pair3#pair2#pair6#pair10#pair13","difareli++-vs-hou22_geom#difareli++-vs-ic_light#difareli++-vs-diffusionrig#difareli++-vs-relipa#difareli++-vs-hou22_geom#difareli++-vs-diffusionrig#difareli++-vs-ic_light#difareli++-vs-relipa#difareli++-vs-relipa#difareli++-vs-hou22_geom","1","[{""q10_p16"":{""a1_hou22_geom"":false,""a2_difareli++"":true},""q11_p3"":{""a1_diffusionrig"":false,""a2_difareli++"":true},""q12_p3"":{""a1_diffusionrig"":false,""a2_difareli++"":true},""q13_p2"":{""a1_ic_light"":true,""a2_difareli++"":false},""q14_p2"":{""a1_ic_light"":false,""a2_difareli++"":true},""q15_p6"":{""a1_difareli++"":true,""a2_relipa"":false},""q16_p6"":{""a1_relipa"":true,""a2_difareli++"":false},""q17_p10"":{""a1_relipa"":false,""a2_difareli++"":true},""q18_p10"":{""a1_relipa"":false,""a2_difareli++"":true},""q19_p13"":{""a1_hou22_geom"":false,""a2_difareli++"":true},""q1_p11"":{""a1_hou22_geom"":false,""a2_difareli++"":true},""q20_p13"":{""a1_difareli++"":true,""a2_hou22_geom"":false},""q2_p11"":{""a1_difareli++"":true,""a2_hou22_geom"":false},""q3_p15"":{""a1_ic_light"":false,""a2_difareli++"":true},""q4_p15"":{""a1_ic_light"":false,""a2_difareli++"":true},""q5_p19"":{""a1_diffusionrig"":false,""a2_difareli++"":true},""q6_p19"":{""a1_difareli++"":false,""a2_diffusionrig"":true},""q7_p5"":{""a1_relipa"":false,""a2_difareli++"":true},""q8_p5"":{""a1_difareli++"":true,""a2_relipa"":false},""q9_p16"":{""a1_difareli++"":true,""a2_hou22_geom"":false},""q{qnum}_p10"":{""a{anum}_{name}"":false},""q{qnum}_p11"":{""a{anum}_{name}"":false},""q{qnum}_p13"":{""a{anum}_{name}"":false},""q{qnum}_p15"":{""a{anum}_{name}"":false},""q{qnum}_p16"":{""a{anum}_{name}"":false},""q{qnum}_p19"":{""a{anum}_{name}"":false},""q{qnum}_p2"":{""a{anum}_{name}"":false},""q{qnum}_p3"":{""a{anum}_{name}"":false},""q{qnum}_p5"":{""a{anum}_{name}"":false},""q{qnum}_p6"":{""a{anum}_{name}"":false},""q{qnum}_p{p}"":{""a{anum}_{name}"":false}}]"
"338431Z1GZD5H02JF4GLVCH3OIYROL","33VSRLCQVFZ8VYZBSQI3AA110LIXCD","Evaluating face relighting results","In each task, you will assess which result most convincingly relights an input face image to match a target lighting condition.","Computer vision, Face relighting, Evaluation, User study, Computer graphic, AI, Machine learning, Deep learning","$0.15","Thu Sep 18 01:01:00 PDT 2025","15","BatchId:5346586;OriginalHitTemplateId:920937340;","300","259200","Thu Sep 25 01:01:00 PDT 2025","","","3G5F9DBFO4VQ5AV7ADV71K505M8HV1","A1I4KQFI7M5WZG","Submitted","Thu Sep 18 01:25:46 PDT 2025","Thu Sep 18 01:27:13 PDT 2025","Sun Sep 21 01:27:13 PDT 2025","","","","87","0% (0/0)","0% (0/0)","0% (0/0)","1","1","pair11#pair15#pair19#pair5#pair16#pair3#pair2#pair6#pair10#pair13","difareli++-vs-hou22_geom#difareli++-vs-ic_light#difareli++-vs-diffusionrig#difareli++-vs-relipa#difareli++-vs-hou22_geom#difareli++-vs-diffusionrig#difareli++-vs-ic_light#difareli++-vs-relipa#difareli++-vs-relipa#difareli++-vs-hou22_geom","1","[{""q10_p16"":{""a1_hou22_geom"":false,""a2_difareli++"":true},""q11_p3"":{""a1_diffusionrig"":false,""a2_difareli++"":true},""q12_p3"":{""a1_diffusionrig"":false,""a2_difareli++"":true},""q13_p2"":{""a1_ic_light"":true,""a2_difareli++"":false},""q14_p2"":{""a1_difareli++"":false,""a2_ic_light"":true},""q15_p6"":{""a1_relipa"":false,""a2_difareli++"":true},""q16_p6"":{""a1_relipa"":false,""a2_difareli++"":true},""q17_p10"":{""a1_difareli++"":true,""a2_relipa"":false},""q18_p10"":{""a1_relipa"":false,""a2_difareli++"":true},""q19_p13"":{""a1_difareli++"":false,""a2_hou22_geom"":true},""q1_p11"":{""a1_hou22_geom"":true,""a2_difareli++"":false},""q20_p13"":{""a1_difareli++"":false,""a2_hou22_geom"":true},""q2_p11"":{""a1_hou22_geom"":true,""a2_difareli++"":false},""q3_p15"":{""a1_ic_light"":false,""a2_difareli++"":true},""q4_p15"":{""a1_ic_light"":false,""a2_difareli++"":true},""q5_p19"":{""a1_difareli++"":true,""a2_diffusionrig"":false},""q6_p19"":{""a1_diffusionrig"":false,""a2_difareli++"":true},""q7_p5"":{""a1_difareli++"":true,""a2_relipa"":false},""q8_p5"":{""a1_difareli++"":true,""a2_relipa"":false},""q9_p16"":{""a1_hou22_geom"":false,""a2_difareli++"":true},""q{qnum}_p10"":{""a{anum}_{name}"":false},""q{qnum}_p11"":{""a{anum}_{name}"":false},""q{qnum}_p13"":{""a{anum}_{name}"":false},""q{qnum}_p15"":{""a{anum}_{name}"":false},""q{qnum}_p16"":{""a{anum}_{name}"":false},""q{qnum}_p19"":{""a{anum}_{name}"":false},""q{qnum}_p2"":{""a{anum}_{name}"":false},""q{qnum}_p3"":{""a{anum}_{name}"":false},""q{qnum}_p5"":{""a{anum}_{name}"":false},""q{qnum}_p6"":{""a{anum}_{name}"":false},""q{qnum}_p{p}"":{""a{anum}_{name}"":false}}]"
"338431Z1GZD5H02JF4GLVCH3OIYROL","33VSRLCQVFZ8VYZBSQI3AA110LIXCD","Evaluating face relighting results","In each task, you will assess which result most convincingly relights an input face image to match a target lighting condition.","Computer vision, Face relighting, Evaluation, User study, Computer graphic, AI, Machine learning, Deep learning","$0.15","Thu Sep 18 01:01:00 PDT 2025","15","BatchId:5346586;OriginalHitTemplateId:920937340;","300","259200","Thu Sep 25 01:01:00 PDT 2025","","","3IXEICO79HHVVT719Z4O3BSPZND6TA","AAWX7QFQUNM6D","Submitted","Thu Sep 18 01:38:28 PDT 2025","Thu Sep 18 01:43:25 PDT 2025","Sun Sep 21 01:43:25 PDT 2025","","","","297","0% (0/0)","0% (0/0)","0% (0/0)","1","1","pair11#pair15#pair19#pair5#pair16#pair3#pair2#pair6#pair10#pair13","difareli++-vs-hou22_geom#difareli++-vs-ic_light#difareli++-vs-diffusionrig#difareli++-vs-relipa#difareli++-vs-hou22_geom#difareli++-vs-diffusionrig#difareli++-vs-ic_light#difareli++-vs-relipa#difareli++-vs-relipa#difareli++-vs-hou22_geom","1","[{""q10_p16"":{""a1_difareli++"":true,""a2_hou22_geom"":false},""q11_p3"":{""a1_difareli++"":true,""a2_diffusionrig"":false},""q12_p3"":{""a1_diffusionrig"":false,""a2_difareli++"":true},""q13_p2"":{""a1_difareli++"":true,""a2_ic_light"":false},""q14_p2"":{""a1_ic_light"":false,""a2_difareli++"":true},""q15_p6"":{""a1_relipa"":true,""a2_difareli++"":false},""q16_p6"":{""a1_relipa"":false,""a2_difareli++"":true},""q17_p10"":{""a1_difareli++"":false,""a2_relipa"":true},""q18_p10"":{""a1_difareli++"":true,""a2_relipa"":false},""q19_p13"":{""a1_hou22_geom"":false,""a2_difareli++"":true},""q1_p11"":{""a1_hou22_geom"":false,""a2_difareli++"":true},""q20_p13"":{""a1_difareli++"":true,""a2_hou22_geom"":false},""q2_p11"":{""a1_hou22_geom"":true,""a2_difareli++"":false},""q3_p15"":{""a1_ic_light"":false,""a2_difareli++"":true},""q4_p15"":{""a1_ic_light"":false,""a2_difareli++"":true},""q5_p19"":{""a1_difareli++"":false,""a2_diffusionrig"":true},""q6_p19"":{""a1_difareli++"":true,""a2_diffusionrig"":false},""q7_p5"":{""a1_difareli++"":true,""a2_relipa"":false},""q8_p5"":{""a1_difareli++"":true,""a2_relipa"":false},""q9_p16"":{""a1_difareli++"":true,""a2_hou22_geom"":false},""q{qnum}_p10"":{""a{anum}_{name}"":false},""q{qnum}_p11"":{""a{anum}_{name}"":false},""q{qnum}_p13"":{""a{anum}_{name}"":false},""q{qnum}_p15"":{""a{anum}_{name}"":false},""q{qnum}_p16"":{""a{anum}_{name}"":false},""q{qnum}_p19"":{""a{anum}_{name}"":false},""q{qnum}_p2"":{""a{anum}_{name}"":false},""q{qnum}_p3"":{""a{anum}_{name}"":false},""q{qnum}_p5"":{""a{anum}_{name}"":false},""q{qnum}_p6"":{""a{anum}_{name}"":false},""q{qnum}_p{p}"":{""a{anum}_{name}"":false}}]"
"338431Z1GZD5H02JF4GLVCH3OIYROL","33VSRLCQVFZ8VYZBSQI3AA110LIXCD","Evaluating face relighting results","In each task, you will assess which result most convincingly relights an input face image to match a target lighting condition.","Computer vision, Face relighting, Evaluation, User study, Computer graphic, AI, Machine learning, Deep learning","$0.15","Thu Sep 18 01:01:00 PDT 2025","15","BatchId:5346586;OriginalHitTemplateId:920937340;","300","259200","Thu Sep 25 01:01:00 PDT 2025","","","3KV0LJBBHHJK4HF1SQ6ASSOT12UMRM","A3QZMGTVA4VO44","Submitted","Thu Sep 18 01:20:21 PDT 2025","Thu Sep 18 01:23:45 PDT 2025","Sun Sep 21 01:23:45 PDT 2025","","","","204","100% (1/1)","0% (0/0)","0% (0/0)","1","1","pair11#pair15#pair19#pair5#pair16#pair3#pair2#pair6#pair10#pair13","difareli++-vs-hou22_geom#difareli++-vs-ic_light#difareli++-vs-diffusionrig#difareli++-vs-relipa#difareli++-vs-hou22_geom#difareli++-vs-diffusionrig#difareli++-vs-ic_light#difareli++-vs-relipa#difareli++-vs-relipa#difareli++-vs-hou22_geom","1","[{""q10_p16"":{""a1_difareli++"":true,""a2_hou22_geom"":false},""q11_p3"":{""a1_difareli++"":true,""a2_diffusionrig"":false},""q12_p3"":{""a1_difareli++"":true,""a2_diffusionrig"":false},""q13_p2"":{""a1_difareli++"":true,""a2_ic_light"":false},""q14_p2"":{""a1_difareli++"":true,""a2_ic_light"":false},""q15_p6"":{""a1_difareli++"":true,""a2_relipa"":false},""q16_p6"":{""a1_difareli++"":true,""a2_relipa"":false},""q17_p10"":{""a1_difareli++"":true,""a2_relipa"":false},""q18_p10"":{""a1_difareli++"":true,""a2_relipa"":false},""q19_p13"":{""a1_difareli++"":true,""a2_hou22_geom"":false},""q1_p11"":{""a1_difareli++"":true,""a2_hou22_geom"":false},""q20_p13"":{""a1_difareli++"":true,""a2_hou22_geom"":false},""q2_p11"":{""a1_hou22_geom"":false,""a2_difareli++"":true},""q3_p15"":{""a1_difareli++"":true,""a2_ic_light"":false},""q4_p15"":{""a1_ic_light"":false,""a2_difareli++"":true},""q5_p19"":{""a1_diffusionrig"":false,""a2_difareli++"":true},""q6_p19"":{""a1_difareli++"":true,""a2_diffusionrig"":false},""q7_p5"":{""a1_difareli++"":true,""a2_relipa"":false},""q8_p5"":{""a1_relipa"":false,""a2_difareli++"":true},""q9_p16"":{""a1_difareli++"":true,""a2_hou22_geom"":false},""q{qnum}_p10"":{""a{anum}_{name}"":false},""q{qnum}_p11"":{""a{anum}_{name}"":false},""q{qnum}_p13"":{""a{anum}_{name}"":false},""q{qnum}_p15"":{""a{anum}_{name}"":false},""q{qnum}_p16"":{""a{anum}_{name}"":false},""q{qnum}_p19"":{""a{anum}_{name}"":false},""q{qnum}_p2"":{""a{anum}_{name}"":false},""q{qnum}_p3"":{""a{anum}_{name}"":false},""q{qnum}_p5"":{""a{anum}_{name}"":false},""q{qnum}_p6"":{""a{anum}_{name}"":false},""q{qnum}_p{p}"":{""a{anum}_{name}"":false}}]"
"338431Z1GZD5H02JF4GLVCH3OIYROL","33VSRLCQVFZ8VYZBSQI3AA110LIXCD","Evaluating face relighting results","In each task, you will assess which result most convincingly relights an input face image to match a target lighting condition.","Computer vision, Face relighting, Evaluation, User study, Computer graphic, AI, Machine learning, Deep learning","$0.15","Thu Sep 18 01:01:00 PDT 2025","15","BatchId:5346586;OriginalHitTemplateId:920937340;","300","259200","Thu Sep 25 01:01:00 PDT 2025","","","3LKC68YZ3P1DCGHZ40VT7VLFOHOOW6","A1G96GPSRSLPC0","Submitted","Thu Sep 18 01:20:21 PDT 2025","Thu Sep 18 01:23:14 PDT 2025","Sun Sep 21 01:23:14 PDT 2025","","","","173","0% (0/0)","0% (0/0)","0% (0/0)","1","1","pair11#pair15#pair19#pair5#pair16#pair3#pair2#pair6#pair10#pair13","difareli++-vs-hou22_geom#difareli++-vs-ic_light#difareli++-vs-diffusionrig#difareli++-vs-relipa#difareli++-vs-hou22_geom#difareli++-vs-diffusionrig#difareli++-vs-ic_light#difareli++-vs-relipa#difareli++-vs-relipa#difareli++-vs-hou22_geom","1","[{""q10_p16"":{""a1_difareli++"":true,""a2_hou22_geom"":false},""q11_p3"":{""a1_difareli++"":true,""a2_diffusionrig"":false},""q12_p3"":{""a1_difareli++"":false,""a2_diffusionrig"":true},""q13_p2"":{""a1_ic_light"":true,""a2_difareli++"":false},""q14_p2"":{""a1_ic_light"":true,""a2_difareli++"":false},""q15_p6"":{""a1_relipa"":false,""a2_difareli++"":true},""q16_p6"":{""a1_difareli++"":false,""a2_relipa"":true},""q17_p10"":{""a1_relipa"":false,""a2_difareli++"":true},""q18_p10"":{""a1_difareli++"":true,""a2_relipa"":false},""q19_p13"":{""a1_difareli++"":false,""a2_hou22_geom"":true},""q1_p11"":{""a1_hou22_geom"":true,""a2_difareli++"":false},""q20_p13"":{""a1_hou22_geom"":false,""a2_difareli++"":true},""q2_p11"":{""a1_hou22_geom"":false,""a2_difareli++"":true},""q3_p15"":{""a1_ic_light"":true,""a2_difareli++"":false},""q4_p15"":{""a1_difareli++"":true,""a2_ic_light"":false},""q5_p19"":{""a1_diffusionrig"":true,""a2_difareli++"":false},""q6_p19"":{""a1_difareli++"":true,""a2_diffusionrig"":false},""q7_p5"":{""a1_difareli++"":true,""a2_relipa"":false},""q8_p5"":{""a1_relipa"":false,""a2_difareli++"":true},""q9_p16"":{""a1_difareli++"":true,""a2_hou22_geom"":false},""q{qnum}_p10"":{""a{anum}_{name}"":false},""q{qnum}_p11"":{""a{anum}_{name}"":false},""q{qnum}_p13"":{""a{anum}_{name}"":false},""q{qnum}_p15"":{""a{anum}_{name}"":false},""q{qnum}_p16"":{""a{anum}_{name}"":false},""q{qnum}_p19"":{""a{anum}_{name}"":false},""q{qnum}_p2"":{""a{anum}_{name}"":false},""q{qnum}_p3"":{""a{anum}_{name}"":false},""q{qnum}_p5"":{""a{anum}_{name}"":false},""q{qnum}_p6"":{""a{anum}_{name}"":false},""q{qnum}_p{p}"":{""a{anum}_{name}"":false}}]"
"338431Z1GZD5H02JF4GLVCH3OIYROL","33VSRLCQVFZ8VYZBSQI3AA110LIXCD","Evaluating face relighting results","In each task, you will assess which result most convincingly relights an input face image to match a target lighting condition.","Computer vision, Face relighting, Evaluation, User study, Computer graphic, AI, Machine learning, Deep learning","$0.15","Thu Sep 18 01:01:00 PDT 2025","15","BatchId:5346586;OriginalHitTemplateId:920937340;","300","259200","Thu Sep 25 01:01:00 PDT 2025","","","3M81GAB8AFHO9PW4OMR19M3UTHNQBZ","A1IU5OP7BBZHZ7","Submitted","Thu Sep 18 01:02:53 PDT 2025","Thu Sep 18 01:07:21 PDT 2025","Sun Sep 21 01:07:21 PDT 2025","","","","268","100% (1/1)","0% (0/0)","0% (0/0)","1","1","pair11#pair15#pair19#pair5#pair16#pair3#pair2#pair6#pair10#pair13","difareli++-vs-hou22_geom#difareli++-vs-ic_light#difareli++-vs-diffusionrig#difareli++-vs-relipa#difareli++-vs-hou22_geom#difareli++-vs-diffusionrig#difareli++-vs-ic_light#difareli++-vs-relipa#difareli++-vs-relipa#difareli++-vs-hou22_geom","1","[{""q10_p16"":{""a1_difareli++"":true,""a2_hou22_geom"":false},""q11_p3"":{""a1_diffusionrig"":true,""a2_difareli++"":false},""q12_p3"":{""a1_difareli++"":true,""a2_diffusionrig"":false},""q13_p2"":{""a1_difareli++"":true,""a2_ic_light"":false},""q14_p2"":{""a1_difareli++"":true,""a2_ic_light"":false},""q15_p6"":{""a1_relipa"":false,""a2_difareli++"":true},""q16_p6"":{""a1_difareli++"":true,""a2_relipa"":false},""q17_p10"":{""a1_difareli++"":true,""a2_relipa"":false},""q18_p10"":{""a1_difareli++"":true,""a2_relipa"":false},""q19_p13"":{""a1_hou22_geom"":false,""a2_difareli++"":true},""q1_p11"":{""a1_hou22_geom"":false,""a2_difareli++"":true},""q20_p13"":{""a1_hou22_geom"":false,""a2_difareli++"":true},""q2_p11"":{""a1_difareli++"":true,""a2_hou22_geom"":false},""q3_p15"":{""a1_difareli++"":true,""a2_ic_light"":false},""q4_p15"":{""a1_difareli++"":true,""a2_ic_light"":false},""q5_p19"":{""a1_diffusionrig"":true,""a2_difareli++"":false},""q6_p19"":{""a1_diffusionrig"":false,""a2_difareli++"":true},""q7_p5"":{""a1_difareli++"":true,""a2_relipa"":false},""q8_p5"":{""a1_difareli++"":false,""a2_relipa"":true},""q9_p16"":{""a1_difareli++"":true,""a2_hou22_geom"":false},""q{qnum}_p10"":{""a{anum}_{name}"":false},""q{qnum}_p11"":{""a{anum}_{name}"":false},""q{qnum}_p13"":{""a{anum}_{name}"":false},""q{qnum}_p15"":{""a{anum}_{name}"":false},""q{qnum}_p16"":{""a{anum}_{name}"":false},""q{qnum}_p19"":{""a{anum}_{name}"":false},""q{qnum}_p2"":{""a{anum}_{name}"":false},""q{qnum}_p3"":{""a{anum}_{name}"":false},""q{qnum}_p5"":{""a{anum}_{name}"":false},""q{qnum}_p6"":{""a{anum}_{name}"":false},""q{qnum}_p{p}"":{""a{anum}_{name}"":false}}]"
"338431Z1GZD5H02JF4GLVCH3OIYROL","33VSRLCQVFZ8VYZBSQI3AA110LIXCD","Evaluating face relighting results","In each task, you will assess which result most convincingly relights an input face image to match a target lighting condition.","Computer vision, Face relighting, Evaluation, User study, Computer graphic, AI, Machine learning, Deep learning","$0.15","Thu Sep 18 01:01:00 PDT 2025","15","BatchId:5346586;OriginalHitTemplateId:920937340;","300","259200","Thu Sep 25 01:01:00 PDT 2025","","","3PWWM24LH7WOF8WCJZHQM2FQ55Q280","A3QI1RV4HQ9MOC","Submitted","Thu Sep 18 01:26:13 PDT 2025","Thu Sep 18 01:27:32 PDT 2025","Sun Sep 21 01:27:32 PDT 2025","","","","79","0% (0/0)","0% (0/0)","0% (0/0)","1","1","pair11#pair15#pair19#pair5#pair16#pair3#pair2#pair6#pair10#pair13","difareli++-vs-hou22_geom#difareli++-vs-ic_light#difareli++-vs-diffusionrig#difareli++-vs-relipa#difareli++-vs-hou22_geom#difareli++-vs-diffusionrig#difareli++-vs-ic_light#difareli++-vs-relipa#difareli++-vs-relipa#difareli++-vs-hou22_geom","1","[{""q10_p16"":{""a1_difareli++"":false,""a2_hou22_geom"":true},""q11_p3"":{""a1_difareli++"":true,""a2_diffusionrig"":false},""q12_p3"":{""a1_difareli++"":true,""a2_diffusionrig"":false},""q13_p2"":{""a1_difareli++"":false,""a2_ic_light"":true},""q14_p2"":{""a1_ic_light"":true,""a2_difareli++"":false},""q15_p6"":{""a1_relipa"":false,""a2_difareli++"":true},""q16_p6"":{""a1_relipa"":false,""a2_difareli++"":true},""q17_p10"":{""a1_relipa"":false,""a2_difareli++"":true},""q18_p10"":{""a1_difareli++"":true,""a2_relipa"":false},""q19_p13"":{""a1_hou22_geom"":false,""a2_difareli++"":true},""q1_p11"":{""a1_difareli++"":false,""a2_hou22_geom"":true},""q20_p13"":{""a1_hou22_geom"":false,""a2_difareli++"":true},""q2_p11"":{""a1_hou22_geom"":true,""a2_difareli++"":false},""q3_p15"":{""a1_ic_light"":false,""a2_difareli++"":true},""q4_p15"":{""a1_ic_light"":false,""a2_difareli++"":true},""q5_p19"":{""a1_diffusionrig"":false,""a2_difareli++"":true},""q6_p19"":{""a1_difareli++"":true,""a2_diffusionrig"":false},""q7_p5"":{""a1_relipa"":false,""a2_difareli++"":true},""q8_p5"":{""a1_relipa"":false,""a2_difareli++"":true},""q9_p16"":{""a1_hou22_geom"":true,""a2_difareli++"":false},""q{qnum}_p10"":{""a{anum}_{name}"":false},""q{qnum}_p11"":{""a{anum}_{name}"":false},""q{qnum}_p13"":{""a{anum}_{name}"":false},""q{qnum}_p15"":{""a{anum}_{name}"":false},""q{qnum}_p16"":{""a{anum}_{name}"":false},""q{qnum}_p19"":{""a{anum}_{name}"":false},""q{qnum}_p2"":{""a{anum}_{name}"":false},""q{qnum}_p3"":{""a{anum}_{name}"":false},""q{qnum}_p5"":{""a{anum}_{name}"":false},""q{qnum}_p6"":{""a{anum}_{name}"":false},""q{qnum}_p{p}"":{""a{anum}_{name}"":false}}]"
"338431Z1GZD5H02JF4GLVCH3OIYROL","33VSRLCQVFZ8VYZBSQI3AA110LIXCD","Evaluating face relighting results","In each task, you will assess which result most convincingly relights an input face image to match a target lighting condition.","Computer vision, Face relighting, Evaluation, User study, Computer graphic, AI, Machine learning, Deep learning","$0.15","Thu Sep 18 01:01:00 PDT 2025","15","BatchId:5346586;OriginalHitTemplateId:920937340;","300","259200","Thu Sep 25 01:01:00 PDT 2025","","","3SNVL38CIJQL8RQFPH3ZOKX3CWWCK1","A2YHSU2IJZ9J14","Submitted","Thu Sep 18 01:23:48 PDT 2025","Thu Sep 18 01:26:04 PDT 2025","Sun Sep 21 01:26:04 PDT 2025","","","","136","0% (0/0)","0% (0/0)","0% (0/0)","1","1","pair11#pair15#pair19#pair5#pair16#pair3#pair2#pair6#pair10#pair13","difareli++-vs-hou22_geom#difareli++-vs-ic_light#difareli++-vs-diffusionrig#difareli++-vs-relipa#difareli++-vs-hou22_geom#difareli++-vs-diffusionrig#difareli++-vs-ic_light#difareli++-vs-relipa#difareli++-vs-relipa#difareli++-vs-hou22_geom","1","[{""q10_p16"":{""a1_difareli++"":true,""a2_hou22_geom"":false},""q11_p3"":{""a1_diffusionrig"":false,""a2_difareli++"":true},""q12_p3"":{""a1_difareli++"":true,""a2_diffusionrig"":false},""q13_p2"":{""a1_difareli++"":false,""a2_ic_light"":true},""q14_p2"":{""a1_ic_light"":true,""a2_difareli++"":false},""q15_p6"":{""a1_difareli++"":true,""a2_relipa"":false},""q16_p6"":{""a1_difareli++"":true,""a2_relipa"":false},""q17_p10"":{""a1_difareli++"":true,""a2_relipa"":false},""q18_p10"":{""a1_difareli++"":true,""a2_relipa"":false},""q19_p13"":{""a1_hou22_geom"":false,""a2_difareli++"":true},""q1_p11"":{""a1_hou22_geom"":false,""a2_difareli++"":true},""q20_p13"":{""a1_difareli++"":true,""a2_hou22_geom"":false},""q2_p11"":{""a1_hou22_geom"":false,""a2_difareli++"":true},""q3_p15"":{""a1_ic_light"":false,""a2_difareli++"":true},""q4_p15"":{""a1_difareli++"":true,""a2_ic_light"":false},""q5_p19"":{""a1_difareli++"":true,""a2_diffusionrig"":false},""q6_p19"":{""a1_diffusionrig"":false,""a2_difareli++"":true},""q7_p5"":{""a1_relipa"":false,""a2_difareli++"":true},""q8_p5"":{""a1_difareli++"":true,""a2_relipa"":false},""q9_p16"":{""a1_difareli++"":true,""a2_hou22_geom"":false},""q{qnum}_p10"":{""a{anum}_{name}"":false},""q{qnum}_p11"":{""a{anum}_{name}"":false},""q{qnum}_p13"":{""a{anum}_{name}"":false},""q{qnum}_p15"":{""a{anum}_{name}"":false},""q{qnum}_p16"":{""a{anum}_{name}"":false},""q{qnum}_p19"":{""a{anum}_{name}"":false},""q{qnum}_p2"":{""a{anum}_{name}"":false},""q{qnum}_p3"":{""a{anum}_{name}"":false},""q{qnum}_p5"":{""a{anum}_{name}"":false},""q{qnum}_p6"":{""a{anum}_{name}"":false},""q{qnum}_p{p}"":{""a{anum}_{name}"":false}}]"
"338431Z1GZD5H02JF4GLVCH3OIYROL","33VSRLCQVFZ8VYZBSQI3AA110LIXCD","Evaluating face relighting results","In each task, you will assess which result most convincingly relights an input face image to match a target lighting condition.","Computer vision, Face relighting, Evaluation, User study, Computer graphic, AI, Machine learning, Deep learning","$0.15","Thu Sep 18 01:01:00 PDT 2025","15","BatchId:5346586;OriginalHitTemplateId:920937340;","300","259200","Thu Sep 25 01:01:00 PDT 2025","","","3WLEIWSYH3FH8JX5M3BWZF8P8OFH2T","A2BAQ26SMQQEUG","Submitted","Thu Sep 18 01:21:18 PDT 2025","Thu Sep 18 01:23:47 PDT 2025","Sun Sep 21 01:23:47 PDT 2025","","","","149","100% (2/2)","0% (0/0)","0% (0/0)","1","1","pair11#pair15#pair19#pair5#pair16#pair3#pair2#pair6#pair10#pair13","difareli++-vs-hou22_geom#difareli++-vs-ic_light#difareli++-vs-diffusionrig#difareli++-vs-relipa#difareli++-vs-hou22_geom#difareli++-vs-diffusionrig#difareli++-vs-ic_light#difareli++-vs-relipa#difareli++-vs-relipa#difareli++-vs-hou22_geom","1","[{""q10_p16"":{""a1_hou22_geom"":true,""a2_difareli++"":false},""q11_p3"":{""a1_diffusionrig"":false,""a2_difareli++"":true},""q12_p3"":{""a1_diffusionrig"":false,""a2_difareli++"":true},""q13_p2"":{""a1_difareli++"":true,""a2_ic_light"":false},""q14_p2"":{""a1_difareli++"":true,""a2_ic_light"":false},""q15_p6"":{""a1_relipa"":true,""a2_difareli++"":false},""q16_p6"":{""a1_relipa"":false,""a2_difareli++"":true},""q17_p10"":{""a1_difareli++"":true,""a2_relipa"":false},""q18_p10"":{""a1_relipa"":false,""a2_difareli++"":true},""q19_p13"":{""a1_difareli++"":false,""a2_hou22_geom"":true},""q1_p11"":{""a1_hou22_geom"":true,""a2_difareli++"":false},""q20_p13"":{""a1_hou22_geom"":false,""a2_difareli++"":true},""q2_p11"":{""a1_hou22_geom"":true,""a2_difareli++"":false},""q3_p15"":{""a1_difareli++"":true,""a2_ic_light"":false},""q4_p15"":{""a1_difareli++"":true,""a2_ic_light"":false},""q5_p19"":{""a1_difareli++"":true,""a2_diffusionrig"":false},""q6_p19"":{""a1_diffusionrig"":false,""a2_difareli++"":true},""q7_p5"":{""a1_difareli++"":true,""a2_relipa"":false},""q8_p5"":{""a1_difareli++"":true,""a2_relipa"":false},""q9_p16"":{""a1_hou22_geom"":true,""a2_difareli++"":false},""q{qnum}_p10"":{""a{anum}_{name}"":false},""q{qnum}_p11"":{""a{anum}_{name}"":false},""q{qnum}_p13"":{""a{anum}_{name}"":false},""q{qnum}_p15"":{""a{anum}_{name}"":false},""q{qnum}_p16"":{""a{anum}_{name}"":false},""q{qnum}_p19"":{""a{anum}_{name}"":false},""q{qnum}_p2"":{""a{anum}_{name}"":false},""q{qnum}_p3"":{""a{anum}_{name}"":false},""q{qnum}_p5"":{""a{anum}_{name}"":false},""q{qnum}_p6"":{""a{anum}_{name}"":false},""q{qnum}_p{p}"":{""a{anum}_{name}"":false}}]"
"338431Z1GZD5H02JF4GLVCH3OIYROL","33VSRLCQVFZ8VYZBSQI3AA110LIXCD","Evaluating face relighting results","In each task, you will assess which result most convincingly relights an input face image to match a target lighting condition.","Computer vision, Face relighting, Evaluation, User study, Computer graphic, AI, Machine learning, Deep learning","$0.15","Thu Sep 18 01:01:00 PDT 2025","15","BatchId:5346586;OriginalHitTemplateId:920937340;","300","259200","Thu Sep 25 01:01:00 PDT 2025","","","3XM0HYN6NZX1GG79Y0E2APJ5RIFEPX","A1IOMFFEKCWOIT","Submitted","Thu Sep 18 01:20:38 PDT 2025","Thu Sep 18 01:22:10 PDT 2025","Sun Sep 21 01:22:10 PDT 2025","","","","92","0% (0/0)","0% (0/0)","0% (0/0)","1","1","pair11#pair15#pair19#pair5#pair16#pair3#pair2#pair6#pair10#pair13","difareli++-vs-hou22_geom#difareli++-vs-ic_light#difareli++-vs-diffusionrig#difareli++-vs-relipa#difareli++-vs-hou22_geom#difareli++-vs-diffusionrig#difareli++-vs-ic_light#difareli++-vs-relipa#difareli++-vs-relipa#difareli++-vs-hou22_geom","1","[{""q10_p16"":{""a1_difareli++"":true,""a2_hou22_geom"":false},""q11_p3"":{""a1_diffusionrig"":false,""a2_difareli++"":true},""q12_p3"":{""a1_diffusionrig"":false,""a2_difareli++"":true},""q13_p2"":{""a1_difareli++"":true,""a2_ic_light"":false},""q14_p2"":{""a1_difareli++"":true,""a2_ic_light"":false},""q15_p6"":{""a1_relipa"":true,""a2_difareli++"":false},""q16_p6"":{""a1_relipa"":false,""a2_difareli++"":true},""q17_p10"":{""a1_relipa"":false,""a2_difareli++"":true},""q18_p10"":{""a1_difareli++"":true,""a2_relipa"":false},""q19_p13"":{""a1_hou22_geom"":true,""a2_difareli++"":false},""q1_p11"":{""a1_difareli++"":true,""a2_hou22_geom"":false},""q20_p13"":{""a1_difareli++"":true,""a2_hou22_geom"":false},""q2_p11"":{""a1_hou22_geom"":true,""a2_difareli++"":false},""q3_p15"":{""a1_difareli++"":true,""a2_ic_light"":false},""q4_p15"":{""a1_difareli++"":true,""a2_ic_light"":false},""q5_p19"":{""a1_difareli++"":true,""a2_diffusionrig"":false},""q6_p19"":{""a1_diffusionrig"":true,""a2_difareli++"":false},""q7_p5"":{""a1_relipa"":false,""a2_difareli++"":true},""q8_p5"":{""a1_difareli++"":true,""a2_relipa"":false},""q9_p16"":{""a1_difareli++"":true,""a2_hou22_geom"":false},""q{qnum}_p10"":{""a{anum}_{name}"":false},""q{qnum}_p11"":{""a{anum}_{name}"":false},""q{qnum}_p13"":{""a{anum}_{name}"":false},""q{qnum}_p15"":{""a{anum}_{name}"":false},""q{qnum}_p16"":{""a{anum}_{name}"":false},""q{qnum}_p19"":{""a{anum}_{name}"":false},""q{qnum}_p2"":{""a{anum}_{name}"":false},""q{qnum}_p3"":{""a{anum}_{name}"":false},""q{qnum}_p5"":{""a{anum}_{name}"":false},""q{qnum}_p6"":{""a{anum}_{name}"":false},""q{qnum}_p{p}"":{""a{anum}_{name}"":false}}]"
"3YGYP1365F7NZF27EPG8GNHYY8TRN6","33VSRLCQVFZ8VYZBSQI3AA110LIXCD","Evaluating face relighting results","In each task, you will assess which result most convincingly relights an input face image to match a target lighting condition.","Computer vision, Face relighting, Evaluation, User study, Computer graphic, AI, Machine learning, Deep learning","$0.15","Thu Sep 18 01:01:00 PDT 2025","15","BatchId:5346586;OriginalHitTemplateId:920937340;","300","259200","Thu Sep 25 01:01:00 PDT 2025","","","32M8BPYGA8K7J8GWR0E61V35IKZIG6","A1IU5OP7BBZHZ7","Submitted","Thu Sep 18 01:07:21 PDT 2025","Thu Sep 18 01:10:28 PDT 2025","Sun Sep 21 01:10:28 PDT 2025","","","","187","100% (1/1)","0% (0/0)","0% (0/0)","1","1","pair14#pair12#pair18#pair1#pair4#pair17#pair9#pair20#pair7#pair8","difareli++-vs-diffusionrig#difareli++-vs-relipa#difareli++-vs-hou21_shadowm#difareli++-vs-relipa#difareli++-vs-relipa#difareli++-vs-hou22_geom#difareli++-vs-diffusionrig#difareli++-vs-relipa#difareli++-vs-diffusionrig#difareli++-vs-hou22_geom","1","[{""q10_p4"":{""a1_difareli++"":true,""a2_relipa"":false},""q11_p17"":{""a1_difareli++"":true,""a2_hou22_geom"":false},""q12_p17"":{""a1_hou22_geom"":false,""a2_difareli++"":true},""q13_p9"":{""a1_difareli++"":true,""a2_diffusionrig"":false},""q14_p9"":{""a1_diffusionrig"":false,""a2_difareli++"":true},""q15_p20"":{""a1_relipa"":false,""a2_difareli++"":true},""q16_p20"":{""a1_relipa"":false,""a2_difareli++"":true},""q17_p7"":{""a1_difareli++"":true,""a2_diffusionrig"":false},""q18_p7"":{""a1_diffusionrig"":false,""a2_difareli++"":true},""q19_p8"":{""a1_difareli++"":true,""a2_hou22_geom"":false},""q1_p14"":{""a1_diffusionrig"":false,""a2_difareli++"":true},""q20_p8"":{""a1_difareli++"":true,""a2_hou22_geom"":false},""q2_p14"":{""a1_diffusionrig"":false,""a2_difareli++"":true},""q3_p12"":{""a1_relipa"":false,""a2_difareli++"":true},""q4_p12"":{""a1_difareli++"":true,""a2_relipa"":false},""q5_p18"":{""a1_hou21_shadowm"":false,""a2_difareli++"":true},""q6_p18"":{""a1_hou21_shadowm"":true,""a2_difareli++"":false},""q7_p1"":{""a1_relipa"":false,""a2_difareli++"":true},""q8_p1"":{""a1_relipa"":false,""a2_difareli++"":true},""q9_p4"":{""a1_relipa"":false,""a2_difareli++"":true},""q{qnum}_p1"":{""a{anum}_{name}"":false},""q{qnum}_p12"":{""a{anum}_{name}"":false},""q{qnum}_p14"":{""a{anum}_{name}"":false},""q{qnum}_p17"":{""a{anum}_{name}"":false},""q{qnum}_p18"":{""a{anum}_{name}"":false},""q{qnum}_p20"":{""a{anum}_{name}"":false},""q{qnum}_p4"":{""a{anum}_{name}"":false},""q{qnum}_p7"":{""a{anum}_{name}"":false},""q{qnum}_p8"":{""a{anum}_{name}"":false},""q{qnum}_p9"":{""a{anum}_{name}"":false},""q{qnum}_p{p}"":{""a{anum}_{name}"":false}}]"
"3YGYP1365F7NZF27EPG8GNHYY8TRN6","33VSRLCQVFZ8VYZBSQI3AA110LIXCD","Evaluating face relighting results","In each task, you will assess which result most convincingly relights an input face image to match a target lighting condition.","Computer vision, Face relighting, Evaluation, User study, Computer graphic, AI, Machine learning, Deep learning","$0.15","Thu Sep 18 01:01:00 PDT 2025","15","BatchId:5346586;OriginalHitTemplateId:920937340;","300","259200","Thu Sep 25 01:01:00 PDT 2025","","","33NF62TLXY08G5WLZ9KLBOAY2G5KJN","A1EX0MEOPF8AHT","Submitted","Thu Sep 18 01:21:47 PDT 2025","Thu Sep 18 01:24:55 PDT 2025","Sun Sep 21 01:24:55 PDT 2025","","","","188","100% (7/7)","0% (0/0)","0% (0/0)","1","1","pair14#pair12#pair18#pair1#pair4#pair17#pair9#pair20#pair7#pair8","difareli++-vs-diffusionrig#difareli++-vs-relipa#difareli++-vs-hou21_shadowm#difareli++-vs-relipa#difareli++-vs-relipa#difareli++-vs-hou22_geom#difareli++-vs-diffusionrig#difareli++-vs-relipa#difareli++-vs-diffusionrig#difareli++-vs-hou22_geom","1","[{""q10_p4"":{""a1_difareli++"":false,""a2_relipa"":true},""q11_p17"":{""a1_hou22_geom"":true,""a2_difareli++"":false},""q12_p17"":{""a1_difareli++"":false,""a2_hou22_geom"":true},""q13_p9"":{""a1_difareli++"":true,""a2_diffusionrig"":false},""q14_p9"":{""a1_difareli++"":false,""a2_diffusionrig"":true},""q15_p20"":{""a1_relipa"":true,""a2_difareli++"":false},""q16_p20"":{""a1_difareli++"":true,""a2_relipa"":false},""q17_p7"":{""a1_diffusionrig"":true,""a2_difareli++"":false},""q18_p7"":{""a1_difareli++"":false,""a2_diffusionrig"":true},""q19_p8"":{""a1_hou22_geom"":true,""a2_difareli++"":false},""q1_p14"":{""a1_difareli++"":true,""a2_diffusionrig"":false},""q20_p8"":{""a1_hou22_geom"":false,""a2_difareli++"":true},""q2_p14"":{""a1_difareli++"":true,""a2_diffusionrig"":false},""q3_p12"":{""a1_difareli++"":true,""a2_relipa"":false},""q4_p12"":{""a1_difareli++"":false,""a2_relipa"":true},""q5_p18"":{""a1_difareli++"":true,""a2_hou21_shadowm"":false},""q6_p18"":{""a1_hou21_shadowm"":true,""a2_difareli++"":false},""q7_p1"":{""a1_relipa"":true,""a2_difareli++"":false},""q8_p1"":{""a1_relipa"":false,""a2_difareli++"":true},""q9_p4"":{""a1_relipa"":true,""a2_difareli++"":false},""q{qnum}_p1"":{""a{anum}_{name}"":false},""q{qnum}_p12"":{""a{anum}_{name}"":false},""q{qnum}_p14"":{""a{anum}_{name}"":false},""q{qnum}_p17"":{""a{anum}_{name}"":false},""q{qnum}_p18"":{""a{anum}_{name}"":false},""q{qnum}_p20"":{""a{anum}_{name}"":false},""q{qnum}_p4"":{""a{anum}_{name}"":false},""q{qnum}_p7"":{""a{anum}_{name}"":false},""q{qnum}_p8"":{""a{anum}_{name}"":false},""q{qnum}_p9"":{""a{anum}_{name}"":false},""q{qnum}_p{p}"":{""a{anum}_{name}"":false}}]"
"3YGYP1365F7NZF27EPG8GNHYY8TRN6","33VSRLCQVFZ8VYZBSQI3AA110LIXCD","Evaluating face relighting results","In each task, you will assess which result most convincingly relights an input face image to match a target lighting condition.","Computer vision, Face relighting, Evaluation, User study, Computer graphic, AI, Machine learning, Deep learning","$0.15","Thu Sep 18 01:01:00 PDT 2025","15","BatchId:5346586;OriginalHitTemplateId:920937340;","300","259200","Thu Sep 25 01:01:00 PDT 2025","","","37W3JXSD6L6P6UL1AN4R9MJH2RNWYP","A3QI1RV4HQ9MOC","Submitted","Thu Sep 18 01:26:12 PDT 2025","Thu Sep 18 01:26:54 PDT 2025","Sun Sep 21 01:26:54 PDT 2025","","","","42","0% (0/0)","0% (0/0)","0% (0/0)","1","1","pair14#pair12#pair18#pair1#pair4#pair17#pair9#pair20#pair7#pair8","difareli++-vs-diffusionrig#difareli++-vs-relipa#difareli++-vs-hou21_shadowm#difareli++-vs-relipa#difareli++-vs-relipa#difareli++-vs-hou22_geom#difareli++-vs-diffusionrig#difareli++-vs-relipa#difareli++-vs-diffusionrig#difareli++-vs-hou22_geom","1","[{""q10_p4"":{""a1_relipa"":false,""a2_difareli++"":true},""q11_p17"":{""a1_difareli++"":false,""a2_hou22_geom"":true},""q12_p17"":{""a1_hou22_geom"":true,""a2_difareli++"":false},""q13_p9"":{""a1_difareli++"":true,""a2_diffusionrig"":false},""q14_p9"":{""a1_diffusionrig"":false,""a2_difareli++"":true},""q15_p20"":{""a1_difareli++"":true,""a2_relipa"":false},""q16_p20"":{""a1_relipa"":false,""a2_difareli++"":true},""q17_p7"":{""a1_difareli++"":true,""a2_diffusionrig"":false},""q18_p7"":{""a1_difareli++"":true,""a2_diffusionrig"":false},""q19_p8"":{""a1_difareli++"":true,""a2_hou22_geom"":false},""q1_p14"":{""a1_diffusionrig"":false,""a2_difareli++"":true},""q20_p8"":{""a1_difareli++"":false,""a2_hou22_geom"":true},""q2_p14"":{""a1_difareli++"":true,""a2_diffusionrig"":false},""q3_p12"":{""a1_difareli++"":true,""a2_relipa"":false},""q4_p12"":{""a1_relipa"":false,""a2_difareli++"":true},""q5_p18"":{""a1_hou21_shadowm"":false,""a2_difareli++"":true},""q6_p18"":{""a1_hou21_shadowm"":false,""a2_difareli++"":true},""q7_p1"":{""a1_difareli++"":true,""a2_relipa"":false},""q8_p1"":{""a1_relipa"":true,""a2_difareli++"":false},""q9_p4"":{""a1_difareli++"":true,""a2_relipa"":false},""q{qnum}_p1"":{""a{anum}_{name}"":false},""q{qnum}_p12"":{""a{anum}_{name}"":false},""q{qnum}_p14"":{""a{anum}_{name}"":false},""q{qnum}_p17"":{""a{anum}_{name}"":false},""q{qnum}_p18"":{""a{anum}_{name}"":false},""q{qnum}_p20"":{""a{anum}_{name}"":false},""q{qnum}_p4"":{""a{anum}_{name}"":false},""q{qnum}_p7"":{""a{anum}_{name}"":false},""q{qnum}_p8"":{""a{anum}_{name}"":false},""q{qnum}_p9"":{""a{anum}_{name}"":false},""q{qnum}_p{p}"":{""a{anum}_{name}"":false}}]"
"3YGYP1365F7NZF27EPG8GNHYY8TRN6","33VSRLCQVFZ8VYZBSQI3AA110LIXCD","Evaluating face relighting results","In each task, you will assess which result most convincingly relights an input face image to match a target lighting condition.","Computer vision, Face relighting, Evaluation, User study, Computer graphic, AI, Machine learning, Deep learning","$0.15","Thu Sep 18 01:01:00 PDT 2025","15","BatchId:5346586;OriginalHitTemplateId:920937340;","300","259200","Thu Sep 25 01:01:00 PDT 2025","","","38SKSKU7RGVN50UX2RBMEN8DE1LILC","A1XC5OV00MECKQ","Submitted","Thu Sep 18 01:08:40 PDT 2025","Thu Sep 18 01:11:46 PDT 2025","Sun Sep 21 01:11:46 PDT 2025","","","","186","100% (9/9)","0% (0/0)","0% (0/0)","1","1","pair14#pair12#pair18#pair1#pair4#pair17#pair9#pair20#pair7#pair8","difareli++-vs-diffusionrig#difareli++-vs-relipa#difareli++-vs-hou21_shadowm#difareli++-vs-relipa#difareli++-vs-relipa#difareli++-vs-hou22_geom#difareli++-vs-diffusionrig#difareli++-vs-relipa#difareli++-vs-diffusionrig#difareli++-vs-hou22_geom","1","[{""q10_p4"":{""a1_relipa"":false,""a2_difareli++"":true},""q11_p17"":{""a1_difareli++"":true,""a2_hou22_geom"":false},""q12_p17"":{""a1_hou22_geom"":true,""a2_difareli++"":false},""q13_p9"":{""a1_diffusionrig"":false,""a2_difareli++"":true},""q14_p9"":{""a1_difareli++"":true,""a2_diffusionrig"":false},""q15_p20"":{""a1_relipa"":false,""a2_difareli++"":true},""q16_p20"":{""a1_difareli++"":true,""a2_relipa"":false},""q17_p7"":{""a1_difareli++"":true,""a2_diffusionrig"":false},""q18_p7"":{""a1_difareli++"":true,""a2_diffusionrig"":false},""q19_p8"":{""a1_difareli++"":true,""a2_hou22_geom"":false},""q1_p14"":{""a1_difareli++"":true,""a2_diffusionrig"":false},""q20_p8"":{""a1_hou22_geom"":true,""a2_difareli++"":false},""q2_p14"":{""a1_difareli++"":true,""a2_diffusionrig"":false},""q3_p12"":{""a1_difareli++"":true,""a2_relipa"":false},""q4_p12"":{""a1_difareli++"":true,""a2_relipa"":false},""q5_p18"":{""a1_difareli++"":true,""a2_hou21_shadowm"":false},""q6_p18"":{""a1_hou21_shadowm"":true,""a2_difareli++"":false},""q7_p1"":{""a1_difareli++"":true,""a2_relipa"":false},""q8_p1"":{""a1_difareli++"":true,""a2_relipa"":false},""q9_p4"":{""a1_relipa"":false,""a2_difareli++"":true},""q{qnum}_p1"":{""a{anum}_{name}"":false},""q{qnum}_p12"":{""a{anum}_{name}"":false},""q{qnum}_p14"":{""a{anum}_{name}"":false},""q{qnum}_p17"":{""a{anum}_{name}"":false},""q{qnum}_p18"":{""a{anum}_{name}"":false},""q{qnum}_p20"":{""a{anum}_{name}"":false},""q{qnum}_p4"":{""a{anum}_{name}"":false},""q{qnum}_p7"":{""a{anum}_{name}"":false},""q{qnum}_p8"":{""a{anum}_{name}"":false},""q{qnum}_p9"":{""a{anum}_{name}"":false},""q{qnum}_p{p}"":{""a{anum}_{name}"":false}}]"
"3YGYP1365F7NZF27EPG8GNHYY8TRN6","33VSRLCQVFZ8VYZBSQI3AA110LIXCD","Evaluating face relighting results","In each task, you will assess which result most convincingly relights an input face image to match a target lighting condition.","Computer vision, Face relighting, Evaluation, User study, Computer graphic, AI, Machine learning, Deep learning","$0.15","Thu Sep 18 01:01:00 PDT 2025","15","BatchId:5346586;OriginalHitTemplateId:920937340;","300","259200","Thu Sep 25 01:01:00 PDT 2025","","","3GA6AFUKO3M6T1TOQ3P1IPDHE2FH34","A2YHSU2IJZ9J14","Submitted","Thu Sep 18 01:21:19 PDT 2025","Thu Sep 18 01:23:45 PDT 2025","Sun Sep 21 01:23:45 PDT 2025","","","","146","0% (0/0)","0% (0/0)","0% (0/0)","1","1","pair14#pair12#pair18#pair1#pair4#pair17#pair9#pair20#pair7#pair8","difareli++-vs-diffusionrig#difareli++-vs-relipa#difareli++-vs-hou21_shadowm#difareli++-vs-relipa#difareli++-vs-relipa#difareli++-vs-hou22_geom#difareli++-vs-diffusionrig#difareli++-vs-relipa#difareli++-vs-diffusionrig#difareli++-vs-hou22_geom","1","[{""q10_p4"":{""a1_relipa"":false,""a2_difareli++"":true},""q11_p17"":{""a1_difareli++"":false,""a2_hou22_geom"":true},""q12_p17"":{""a1_hou22_geom"":false,""a2_difareli++"":true},""q13_p9"":{""a1_difareli++"":true,""a2_diffusionrig"":false},""q14_p9"":{""a1_diffusionrig"":false,""a2_difareli++"":true},""q15_p20"":{""a1_difareli++"":true,""a2_relipa"":false},""q16_p20"":{""a1_difareli++"":true,""a2_relipa"":false},""q17_p7"":{""a1_diffusionrig"":false,""a2_difareli++"":true},""q18_p7"":{""a1_difareli++"":true,""a2_diffusionrig"":false},""q19_p8"":{""a1_hou22_geom"":true,""a2_difareli++"":false},""q1_p14"":{""a1_difareli++"":true,""a2_diffusionrig"":false},""q20_p8"":{""a1_difareli++"":true,""a2_hou22_geom"":false},""q2_p14"":{""a1_diffusionrig"":false,""a2_difareli++"":true},""q3_p12"":{""a1_relipa"":false,""a2_difareli++"":true},""q4_p12"":{""a1_relipa"":false,""a2_difareli++"":true},""q5_p18"":{""a1_difareli++"":true,""a2_hou21_shadowm"":false},""q6_p18"":{""a1_difareli++"":true,""a2_hou21_shadowm"":false},""q7_p1"":{""a1_relipa"":false,""a2_difareli++"":true},""q8_p1"":{""a1_difareli++"":true,""a2_relipa"":false},""q9_p4"":{""a1_relipa"":false,""a2_difareli++"":true},""q{qnum}_p1"":{""a{anum}_{name}"":false},""q{qnum}_p12"":{""a{anum}_{name}"":false},""q{qnum}_p14"":{""a{anum}_{name}"":false},""q{qnum}_p17"":{""a{anum}_{name}"":false},""q{qnum}_p18"":{""a{anum}_{name}"":false},""q{qnum}_p20"":{""a{anum}_{name}"":false},""q{qnum}_p4"":{""a{anum}_{name}"":false},""q{qnum}_p7"":{""a{anum}_{name}"":false},""q{qnum}_p8"":{""a{anum}_{name}"":false},""q{qnum}_p9"":{""a{anum}_{name}"":false},""q{qnum}_p{p}"":{""a{anum}_{name}"":false}}]"
"3YGYP1365F7NZF27EPG8GNHYY8TRN6","33VSRLCQVFZ8VYZBSQI3AA110LIXCD","Evaluating face relighting results","In each task, you will assess which result most convincingly relights an input face image to match a target lighting condition.","Computer vision, Face relighting, Evaluation, User study, Computer graphic, AI, Machine learning, Deep learning","$0.15","Thu Sep 18 01:01:00 PDT 2025","15","BatchId:5346586;OriginalHitTemplateId:920937340;","300","259200","Thu Sep 25 01:01:00 PDT 2025","","","3GM6G9ZBK2VXKWSTWFB5S7PBPNRMTZ","A54KH61CDVIB6","Submitted","Thu Sep 18 01:20:49 PDT 2025","Thu Sep 18 01:22:14 PDT 2025","Sun Sep 21 01:22:14 PDT 2025","","","","85","0% (0/0)","0% (0/0)","0% (0/0)","1","1","pair14#pair12#pair18#pair1#pair4#pair17#pair9#pair20#pair7#pair8","difareli++-vs-diffusionrig#difareli++-vs-relipa#difareli++-vs-hou21_shadowm#difareli++-vs-relipa#difareli++-vs-relipa#difareli++-vs-hou22_geom#difareli++-vs-diffusionrig#difareli++-vs-relipa#difareli++-vs-diffusionrig#difareli++-vs-hou22_geom","1","[{""q10_p4"":{""a1_difareli++"":true,""a2_relipa"":false},""q11_p17"":{""a1_hou22_geom"":true,""a2_difareli++"":false},""q12_p17"":{""a1_hou22_geom"":true,""a2_difareli++"":false},""q13_p9"":{""a1_difareli++"":false,""a2_diffusionrig"":true},""q14_p9"":{""a1_diffusionrig"":true,""a2_difareli++"":false},""q15_p20"":{""a1_difareli++"":true,""a2_relipa"":false},""q16_p20"":{""a1_difareli++"":false,""a2_relipa"":true},""q17_p7"":{""a1_diffusionrig"":true,""a2_difareli++"":false},""q18_p7"":{""a1_diffusionrig"":true,""a2_difareli++"":false},""q19_p8"":{""a1_difareli++"":false,""a2_hou22_geom"":true},""q1_p14"":{""a1_diffusionrig"":true,""a2_difareli++"":false},""q20_p8"":{""a1_difareli++"":false,""a2_hou22_geom"":true},""q2_p14"":{""a1_diffusionrig"":true,""a2_difareli++"":false},""q3_p12"":{""a1_difareli++"":true,""a2_relipa"":false},""q4_p12"":{""a1_relipa"":false,""a2_difareli++"":true},""q5_p18"":{""a1_hou21_shadowm"":true,""a2_difareli++"":false},""q6_p18"":{""a1_difareli++"":true,""a2_hou21_shadowm"":false},""q7_p1"":{""a1_relipa"":true,""a2_difareli++"":false},""q8_p1"":{""a1_relipa"":false,""a2_difareli++"":true},""q9_p4"":{""a1_difareli++"":true,""a2_relipa"":false},""q{qnum}_p1"":{""a{anum}_{name}"":false},""q{qnum}_p12"":{""a{anum}_{name}"":false},""q{qnum}_p14"":{""a{anum}_{name}"":false},""q{qnum}_p17"":{""a{anum}_{name}"":false},""q{qnum}_p18"":{""a{anum}_{name}"":false},""q{qnum}_p20"":{""a{anum}_{name}"":false},""q{qnum}_p4"":{""a{anum}_{name}"":false},""q{qnum}_p7"":{""a{anum}_{name}"":false},""q{qnum}_p8"":{""a{anum}_{name}"":false},""q{qnum}_p9"":{""a{anum}_{name}"":false},""q{qnum}_p{p}"":{""a{anum}_{name}"":false}}]"
"3YGYP1365F7NZF27EPG8GNHYY8TRN6","33VSRLCQVFZ8VYZBSQI3AA110LIXCD","Evaluating face relighting results","In each task, you will assess which result most convincingly relights an input face image to match a target lighting condition.","Computer vision, Face relighting, Evaluation, User study, Computer graphic, AI, Machine learning, Deep learning","$0.15","Thu Sep 18 01:01:00 PDT 2025","15","BatchId:5346586;OriginalHitTemplateId:920937340;","300","259200","Thu Sep 25 01:01:00 PDT 2025","","","3HRMW88U1LOW4NV2YDNV8WN6SCUM0N","A3QZMGTVA4VO44","Submitted","Thu Sep 18 01:16:55 PDT 2025","Thu Sep 18 01:20:20 PDT 2025","Sun Sep 21 01:20:20 PDT 2025","","","","205","100% (1/1)","0% (0/0)","0% (0/0)","1","1","pair14#pair12#pair18#pair1#pair4#pair17#pair9#pair20#pair7#pair8","difareli++-vs-diffusionrig#difareli++-vs-relipa#difareli++-vs-hou21_shadowm#difareli++-vs-relipa#difareli++-vs-relipa#difareli++-vs-hou22_geom#difareli++-vs-diffusionrig#difareli++-vs-relipa#difareli++-vs-diffusionrig#difareli++-vs-hou22_geom","1","[{""q10_p4"":{""a1_relipa"":false,""a2_difareli++"":true},""q11_p17"":{""a1_difareli++"":true,""a2_hou22_geom"":false},""q12_p17"":{""a1_hou22_geom"":false,""a2_difareli++"":true},""q13_p9"":{""a1_difareli++"":true,""a2_diffusionrig"":false},""q14_p9"":{""a1_diffusionrig"":false,""a2_difareli++"":true},""q15_p20"":{""a1_relipa"":false,""a2_difareli++"":true},""q16_p20"":{""a1_difareli++"":true,""a2_relipa"":false},""q17_p7"":{""a1_difareli++"":true,""a2_diffusionrig"":false},""q18_p7"":{""a1_difareli++"":true,""a2_diffusionrig"":false},""q19_p8"":{""a1_hou22_geom"":false,""a2_difareli++"":true},""q1_p14"":{""a1_difareli++"":true,""a2_diffusionrig"":false},""q20_p8"":{""a1_difareli++"":true,""a2_hou22_geom"":false},""q2_p14"":{""a1_difareli++"":true,""a2_diffusionrig"":false},""q3_p12"":{""a1_difareli++"":true,""a2_relipa"":false},""q4_p12"":{""a1_difareli++"":true,""a2_relipa"":false},""q5_p18"":{""a1_difareli++"":true,""a2_hou21_shadowm"":false},""q6_p18"":{""a1_hou21_shadowm"":false,""a2_difareli++"":true},""q7_p1"":{""a1_difareli++"":true,""a2_relipa"":false},""q8_p1"":{""a1_difareli++"":true,""a2_relipa"":false},""q9_p4"":{""a1_relipa"":false,""a2_difareli++"":true},""q{qnum}_p1"":{""a{anum}_{name}"":false},""q{qnum}_p12"":{""a{anum}_{name}"":false},""q{qnum}_p14"":{""a{anum}_{name}"":false},""q{qnum}_p17"":{""a{anum}_{name}"":false},""q{qnum}_p18"":{""a{anum}_{name}"":false},""q{qnum}_p20"":{""a{anum}_{name}"":false},""q{qnum}_p4"":{""a{anum}_{name}"":false},""q{qnum}_p7"":{""a{anum}_{name}"":false},""q{qnum}_p8"":{""a{anum}_{name}"":false},""q{qnum}_p9"":{""a{anum}_{name}"":false},""q{qnum}_p{p}"":{""a{anum}_{name}"":false}}]"
"3YGYP1365F7NZF27EPG8GNHYY8TRN6","33VSRLCQVFZ8VYZBSQI3AA110LIXCD","Evaluating face relighting results","In each task, you will assess which result most convincingly relights an input face image to match a target lighting condition.","Computer vision, Face relighting, Evaluation, User study, Computer graphic, AI, Machine learning, Deep learning","$0.15","Thu Sep 18 01:01:00 PDT 2025","15","BatchId:5346586;OriginalHitTemplateId:920937340;","300","259200","Thu Sep 25 01:01:00 PDT 2025","","","3HSYG7LRBYW3RP23HUKXC3ABH55KKM","A1G96GPSRSLPC0","Submitted","Thu Sep 18 01:22:14 PDT 2025","Thu Sep 18 01:23:11 PDT 2025","Sun Sep 21 01:23:11 PDT 2025","","","","57","0% (0/0)","0% (0/0)","0% (0/0)","1","1","pair14#pair12#pair18#pair1#pair4#pair17#pair9#pair20#pair7#pair8","difareli++-vs-diffusionrig#difareli++-vs-relipa#difareli++-vs-hou21_shadowm#difareli++-vs-relipa#difareli++-vs-relipa#difareli++-vs-hou22_geom#difareli++-vs-diffusionrig#difareli++-vs-relipa#difareli++-vs-diffusionrig#difareli++-vs-hou22_geom","1","[{""q10_p4"":{""a1_difareli++"":true,""a2_relipa"":false},""q11_p17"":{""a1_difareli++"":true,""a2_hou22_geom"":false},""q12_p17"":{""a1_hou22_geom"":true,""a2_difareli++"":false},""q13_p9"":{""a1_diffusionrig"":false,""a2_difareli++"":true},""q14_p9"":{""a1_difareli++"":true,""a2_diffusionrig"":false},""q15_p20"":{""a1_relipa"":false,""a2_difareli++"":true},""q16_p20"":{""a1_relipa"":false,""a2_difareli++"":true},""q17_p7"":{""a1_diffusionrig"":false,""a2_difareli++"":true},""q18_p7"":{""a1_difareli++"":true,""a2_diffusionrig"":false},""q19_p8"":{""a1_difareli++"":false,""a2_hou22_geom"":true},""q1_p14"":{""a1_difareli++"":true,""a2_diffusionrig"":false},""q20_p8"":{""a1_difareli++"":false,""a2_hou22_geom"":true},""q2_p14"":{""a1_difareli++"":true,""a2_diffusionrig"":false},""q3_p12"":{""a1_relipa"":false,""a2_difareli++"":true},""q4_p12"":{""a1_relipa"":false,""a2_difareli++"":true},""q5_p18"":{""a1_hou21_shadowm"":false,""a2_difareli++"":true},""q6_p18"":{""a1_difareli++"":true,""a2_hou21_shadowm"":false},""q7_p1"":{""a1_relipa"":false,""a2_difareli++"":true},""q8_p1"":{""a1_difareli++"":false,""a2_relipa"":true},""q9_p4"":{""a1_difareli++"":true,""a2_relipa"":false},""q{qnum}_p1"":{""a{anum}_{name}"":false},""q{qnum}_p12"":{""a{anum}_{name}"":false},""q{qnum}_p14"":{""a{anum}_{name}"":false},""q{qnum}_p17"":{""a{anum}_{name}"":false},""q{qnum}_p18"":{""a{anum}_{name}"":false},""q{qnum}_p20"":{""a{anum}_{name}"":false},""q{qnum}_p4"":{""a{anum}_{name}"":false},""q{qnum}_p7"":{""a{anum}_{name}"":false},""q{qnum}_p8"":{""a{anum}_{name}"":false},""q{qnum}_p9"":{""a{anum}_{name}"":false},""q{qnum}_p{p}"":{""a{anum}_{name}"":false}}]"
"3YGYP1365F7NZF27EPG8GNHYY8TRN6","33VSRLCQVFZ8VYZBSQI3AA110LIXCD","Evaluating face relighting results","In each task, you will assess which result most convincingly relights an input face image to match a target lighting condition.","Computer vision, Face relighting, Evaluation, User study, Computer graphic, AI, Machine learning, Deep learning","$0.15","Thu Sep 18 01:01:00 PDT 2025","15","BatchId:5346586;OriginalHitTemplateId:920937340;","300","259200","Thu Sep 25 01:01:00 PDT 2025","","","3KMS4QQVKHOSB3APGJT0WQI699OKFK","A1XO6ONCCTBMKW","Submitted","Thu Sep 18 01:21:00 PDT 2025","Thu Sep 18 01:22:28 PDT 2025","Sun Sep 21 01:22:28 PDT 2025","","","","88","100% (1/1)","0% (0/0)","0% (0/0)","1","1","pair14#pair12#pair18#pair1#pair4#pair17#pair9#pair20#pair7#pair8","difareli++-vs-diffusionrig#difareli++-vs-relipa#difareli++-vs-hou21_shadowm#difareli++-vs-relipa#difareli++-vs-relipa#difareli++-vs-hou22_geom#difareli++-vs-diffusionrig#difareli++-vs-relipa#difareli++-vs-diffusionrig#difareli++-vs-hou22_geom","1","[{""q10_p4"":{""a1_difareli++"":true,""a2_relipa"":false},""q11_p17"":{""a1_hou22_geom"":true,""a2_difareli++"":false},""q12_p17"":{""a1_difareli++"":true,""a2_hou22_geom"":false},""q13_p9"":{""a1_difareli++"":true,""a2_diffusionrig"":false},""q14_p9"":{""a1_diffusionrig"":false,""a2_difareli++"":true},""q15_p20"":{""a1_relipa"":true,""a2_difareli++"":false},""q16_p20"":{""a1_difareli++"":false,""a2_relipa"":true},""q17_p7"":{""a1_difareli++"":true,""a2_diffusionrig"":false},""q18_p7"":{""a1_diffusionrig"":true,""a2_difareli++"":false},""q19_p8"":{""a1_hou22_geom"":true,""a2_difareli++"":false},""q1_p14"":{""a1_difareli++"":true,""a2_diffusionrig"":false},""q20_p8"":{""a1_hou22_geom"":false,""a2_difareli++"":true},""q2_p14"":{""a1_diffusionrig"":true,""a2_difareli++"":false},""q3_p12"":{""a1_relipa"":false,""a2_difareli++"":true},""q4_p12"":{""a1_difareli++"":true,""a2_relipa"":false},""q5_p18"":{""a1_difareli++"":true,""a2_hou21_shadowm"":false},""q6_p18"":{""a1_difareli++"":true,""a2_hou21_shadowm"":false},""q7_p1"":{""a1_relipa"":false,""a2_difareli++"":true},""q8_p1"":{""a1_relipa"":false,""a2_difareli++"":true},""q9_p4"":{""a1_relipa"":true,""a2_difareli++"":false},""q{qnum}_p1"":{""a{anum}_{name}"":false},""q{qnum}_p12"":{""a{anum}_{name}"":false},""q{qnum}_p14"":{""a{anum}_{name}"":false},""q{qnum}_p17"":{""a{anum}_{name}"":false},""q{qnum}_p18"":{""a{anum}_{name}"":false},""q{qnum}_p20"":{""a{anum}_{name}"":false},""q{qnum}_p4"":{""a{anum}_{name}"":false},""q{qnum}_p7"":{""a{anum}_{name}"":false},""q{qnum}_p8"":{""a{anum}_{name}"":false},""q{qnum}_p9"":{""a{anum}_{name}"":false},""q{qnum}_p{p}"":{""a{anum}_{name}"":false}}]"
"3YGYP1365F7NZF27EPG8GNHYY8TRN6","33VSRLCQVFZ8VYZBSQI3AA110LIXCD","Evaluating face relighting results","In each task, you will assess which result most convincingly relights an input face image to match a target lighting condition.","Computer vision, Face relighting, Evaluation, User study, Computer graphic, AI, Machine learning, Deep learning","$0.15","Thu Sep 18 01:01:00 PDT 2025","15","BatchId:5346586;OriginalHitTemplateId:920937340;","300","259200","Thu Sep 25 01:01:00 PDT 2025","","","3M1CVSFP6F3JQFRCI8R5EBJOBZ2QA4","A1DVKS3R9SLQ1H","Submitted","Thu Sep 18 01:02:32 PDT 2025","Thu Sep 18 01:03:28 PDT 2025","Sun Sep 21 01:03:28 PDT 2025","","","","56","100% (6/6)","0% (0/0)","0% (0/0)","1","1","pair14#pair12#pair18#pair1#pair4#pair17#pair9#pair20#pair7#pair8","difareli++-vs-diffusionrig#difareli++-vs-relipa#difareli++-vs-hou21_shadowm#difareli++-vs-relipa#difareli++-vs-relipa#difareli++-vs-hou22_geom#difareli++-vs-diffusionrig#difareli++-vs-relipa#difareli++-vs-diffusionrig#difareli++-vs-hou22_geom","1","[{""q10_p4"":{""a1_relipa"":false,""a2_difareli++"":true},""q11_p17"":{""a1_hou22_geom"":false,""a2_difareli++"":true},""q12_p17"":{""a1_difareli++"":true,""a2_hou22_geom"":false},""q13_p9"":{""a1_difareli++"":true,""a2_diffusionrig"":false},""q14_p9"":{""a1_difareli++"":true,""a2_diffusionrig"":false},""q15_p20"":{""a1_relipa"":false,""a2_difareli++"":true},""q16_p20"":{""a1_relipa"":false,""a2_difareli++"":true},""q17_p7"":{""a1_difareli++"":true,""a2_diffusionrig"":false},""q18_p7"":{""a1_diffusionrig"":false,""a2_difareli++"":true},""q19_p8"":{""a1_hou22_geom"":false,""a2_difareli++"":true},""q1_p14"":{""a1_diffusionrig"":false,""a2_difareli++"":true},""q20_p8"":{""a1_hou22_geom"":true,""a2_difareli++"":false},""q2_p14"":{""a1_difareli++"":true,""a2_diffusionrig"":false},""q3_p12"":{""a1_relipa"":true,""a2_difareli++"":false},""q4_p12"":{""a1_relipa"":true,""a2_difareli++"":false},""q5_p18"":{""a1_difareli++"":true,""a2_hou21_shadowm"":false},""q6_p18"":{""a1_difareli++"":true,""a2_hou21_shadowm"":false},""q7_p1"":{""a1_relipa"":false,""a2_difareli++"":true},""q8_p1"":{""a1_relipa"":true,""a2_difareli++"":false},""q9_p4"":{""a1_relipa"":false,""a2_difareli++"":true},""q{qnum}_p1"":{""a{anum}_{name}"":false},""q{qnum}_p12"":{""a{anum}_{name}"":false},""q{qnum}_p14"":{""a{anum}_{name}"":false},""q{qnum}_p17"":{""a{anum}_{name}"":false},""q{qnum}_p18"":{""a{anum}_{name}"":false},""q{qnum}_p20"":{""a{anum}_{name}"":false},""q{qnum}_p4"":{""a{anum}_{name}"":false},""q{qnum}_p7"":{""a{anum}_{name}"":false},""q{qnum}_p8"":{""a{anum}_{name}"":false},""q{qnum}_p9"":{""a{anum}_{name}"":false},""q{qnum}_p{p}"":{""a{anum}_{name}"":false}}]"
"3YGYP1365F7NZF27EPG8GNHYY8TRN6","33VSRLCQVFZ8VYZBSQI3AA110LIXCD","Evaluating face relighting results","In each task, you will assess which result most convincingly relights an input face image to match a target lighting condition.","Computer vision, Face relighting, Evaluation, User study, Computer graphic, AI, Machine learning, Deep learning","$0.15","Thu Sep 18 01:01:00 PDT 2025","15","BatchId:5346586;OriginalHitTemplateId:920937340;","300","259200","Thu Sep 25 01:01:00 PDT 2025","","","3NGI5ARFT832WFDXMCJN350B29C1P2","A2BAQ26SMQQEUG","Submitted","Thu Sep 18 01:23:48 PDT 2025","Thu Sep 18 01:25:10 PDT 2025","Sun Sep 21 01:25:10 PDT 2025","","","","82","100% (2/2)","0% (0/0)","0% (0/0)","1","1","pair14#pair12#pair18#pair1#pair4#pair17#pair9#pair20#pair7#pair8","difareli++-vs-diffusionrig#difareli++-vs-relipa#difareli++-vs-hou21_shadowm#difareli++-vs-relipa#difareli++-vs-relipa#difareli++-vs-hou22_geom#difareli++-vs-diffusionrig#difareli++-vs-relipa#difareli++-vs-diffusionrig#difareli++-vs-hou22_geom","1","[{""q10_p4"":{""a1_difareli++"":true,""a2_relipa"":false},""q11_p17"":{""a1_difareli++"":false,""a2_hou22_geom"":true},""q12_p17"":{""a1_difareli++"":true,""a2_hou22_geom"":false},""q13_p9"":{""a1_difareli++"":true,""a2_diffusionrig"":false},""q14_p9"":{""a1_diffusionrig"":false,""a2_difareli++"":true},""q15_p20"":{""a1_difareli++"":true,""a2_relipa"":false},""q16_p20"":{""a1_relipa"":false,""a2_difareli++"":true},""q17_p7"":{""a1_difareli++"":true,""a2_diffusionrig"":false},""q18_p7"":{""a1_difareli++"":true,""a2_diffusionrig"":false},""q19_p8"":{""a1_difareli++"":false,""a2_hou22_geom"":true},""q1_p14"":{""a1_difareli++"":true,""a2_diffusionrig"":false},""q20_p8"":{""a1_hou22_geom"":true,""a2_difareli++"":false},""q2_p14"":{""a1_difareli++"":true,""a2_diffusionrig"":false},""q3_p12"":{""a1_relipa"":false,""a2_difareli++"":true},""q4_p12"":{""a1_difareli++"":true,""a2_relipa"":false},""q5_p18"":{""a1_difareli++"":true,""a2_hou21_shadowm"":false},""q6_p18"":{""a1_difareli++"":false,""a2_hou21_shadowm"":true},""q7_p1"":{""a1_difareli++"":true,""a2_relipa"":false},""q8_p1"":{""a1_difareli++"":true,""a2_relipa"":false},""q9_p4"":{""a1_relipa"":false,""a2_difareli++"":true},""q{qnum}_p1"":{""a{anum}_{name}"":false},""q{qnum}_p12"":{""a{anum}_{name}"":false},""q{qnum}_p14"":{""a{anum}_{name}"":false},""q{qnum}_p17"":{""a{anum}_{name}"":false},""q{qnum}_p18"":{""a{anum}_{name}"":false},""q{qnum}_p20"":{""a{anum}_{name}"":false},""q{qnum}_p4"":{""a{anum}_{name}"":false},""q{qnum}_p7"":{""a{anum}_{name}"":false},""q{qnum}_p8"":{""a{anum}_{name}"":false},""q{qnum}_p9"":{""a{anum}_{name}"":false},""q{qnum}_p{p}"":{""a{anum}_{name}"":false}}]"
"3YGYP1365F7NZF27EPG8GNHYY8TRN6","33VSRLCQVFZ8VYZBSQI3AA110LIXCD","Evaluating face relighting results","In each task, you will assess which result most convincingly relights an input face image to match a target lighting condition.","Computer vision, Face relighting, Evaluation, User study, Computer graphic, AI, Machine learning, Deep learning","$0.15","Thu Sep 18 01:01:00 PDT 2025","15","BatchId:5346586;OriginalHitTemplateId:920937340;","300","259200","Thu Sep 25 01:01:00 PDT 2025","","","3OUYGIZWRMW2PQSFQTFNP0H1XH5P0M","A26399B1QZ7XJJ","Submitted","Thu Sep 18 01:20:56 PDT 2025","Thu Sep 18 01:24:33 PDT 2025","Sun Sep 21 01:24:33 PDT 2025","","","","217","100% (2/2)","0% (0/0)","0% (0/0)","1","1","pair14#pair12#pair18#pair1#pair4#pair17#pair9#pair20#pair7#pair8","difareli++-vs-diffusionrig#difareli++-vs-relipa#difareli++-vs-hou21_shadowm#difareli++-vs-relipa#difareli++-vs-relipa#difareli++-vs-hou22_geom#difareli++-vs-diffusionrig#difareli++-vs-relipa#difareli++-vs-diffusionrig#difareli++-vs-hou22_geom","1","[{""q10_p4"":{""a1_relipa"":false,""a2_difareli++"":true},""q11_p17"":{""a1_difareli++"":false,""a2_hou22_geom"":true},""q12_p17"":{""a1_hou22_geom"":false,""a2_difareli++"":true},""q13_p9"":{""a1_difareli++"":true,""a2_diffusionrig"":false},""q14_p9"":{""a1_diffusionrig"":false,""a2_difareli++"":true},""q15_p20"":{""a1_relipa"":false,""a2_difareli++"":true},""q16_p20"":{""a1_difareli++"":true,""a2_relipa"":false},""q17_p7"":{""a1_diffusionrig"":false,""a2_difareli++"":true},""q18_p7"":{""a1_diffusionrig"":false,""a2_difareli++"":true},""q19_p8"":{""a1_difareli++"":true,""a2_hou22_geom"":false},""q1_p14"":{""a1_diffusionrig"":false,""a2_difareli++"":true},""q20_p8"":{""a1_hou22_geom"":false,""a2_difareli++"":true},""q2_p14"":{""a1_difareli++"":true,""a2_diffusionrig"":false},""q3_p12"":{""a1_relipa"":false,""a2_difareli++"":true},""q4_p12"":{""a1_relipa"":false,""a2_difareli++"":true},""q5_p18"":{""a1_hou21_shadowm"":true,""a2_difareli++"":false},""q6_p18"":{""a1_hou21_shadowm"":false,""a2_difareli++"":true},""q7_p1"":{""a1_difareli++"":true,""a2_relipa"":false},""q8_p1"":{""a1_relipa"":false,""a2_difareli++"":true},""q9_p4"":{""a1_difareli++"":true,""a2_relipa"":false},""q{qnum}_p1"":{""a{anum}_{name}"":false},""q{qnum}_p12"":{""a{anum}_{name}"":false},""q{qnum}_p14"":{""a{anum}_{name}"":false},""q{qnum}_p17"":{""a{anum}_{name}"":false},""q{qnum}_p18"":{""a{anum}_{name}"":false},""q{qnum}_p20"":{""a{anum}_{name}"":false},""q{qnum}_p4"":{""a{anum}_{name}"":false},""q{qnum}_p7"":{""a{anum}_{name}"":false},""q{qnum}_p8"":{""a{anum}_{name}"":false},""q{qnum}_p9"":{""a{anum}_{name}"":false},""q{qnum}_p{p}"":{""a{anum}_{name}"":false}}]"
"3YGYP1365F7NZF27EPG8GNHYY8TRN6","33VSRLCQVFZ8VYZBSQI3AA110LIXCD","Evaluating face relighting results","In each task, you will assess which result most convincingly relights an input face image to match a target lighting condition.","Computer vision, Face relighting, Evaluation, User study, Computer graphic, AI, Machine learning, Deep learning","$0.15","Thu Sep 18 01:01:00 PDT 2025","15","BatchId:5346586;OriginalHitTemplateId:920937340;","300","259200","Thu Sep 25 01:01:00 PDT 2025","","","3OVR4I9US4H4OQBV97HE18XOJP74Q8","A3TUMZ954ORSUC","Submitted","Thu Sep 18 01:01:12 PDT 2025","Thu Sep 18 01:05:17 PDT 2025","Sun Sep 21 01:05:17 PDT 2025","","","","245","100% (1/1)","0% (0/0)","0% (0/0)","1","1","pair14#pair12#pair18#pair1#pair4#pair17#pair9#pair20#pair7#pair8","difareli++-vs-diffusionrig#difareli++-vs-relipa#difareli++-vs-hou21_shadowm#difareli++-vs-relipa#difareli++-vs-relipa#difareli++-vs-hou22_geom#difareli++-vs-diffusionrig#difareli++-vs-relipa#difareli++-vs-diffusionrig#difareli++-vs-hou22_geom","1","[{""q10_p4"":{""a1_difareli++"":true,""a2_relipa"":false},""q11_p17"":{""a1_hou22_geom"":false,""a2_difareli++"":true},""q12_p17"":{""a1_hou22_geom"":false,""a2_difareli++"":true},""q13_p9"":{""a1_diffusionrig"":false,""a2_difareli++"":true},""q14_p9"":{""a1_difareli++"":true,""a2_diffusionrig"":false},""q15_p20"":{""a1_difareli++"":true,""a2_relipa"":false},""q16_p20"":{""a1_difareli++"":true,""a2_relipa"":false},""q17_p7"":{""a1_diffusionrig"":false,""a2_difareli++"":true},""q18_p7"":{""a1_diffusionrig"":false,""a2_difareli++"":true},""q19_p8"":{""a1_difareli++"":true,""a2_hou22_geom"":false},""q1_p14"":{""a1_difareli++"":true,""a2_diffusionrig"":false},""q20_p8"":{""a1_hou22_geom"":false,""a2_difareli++"":true},""q2_p14"":{""a1_difareli++"":true,""a2_diffusionrig"":false},""q3_p12"":{""a1_relipa"":false,""a2_difareli++"":true},""q4_p12"":{""a1_difareli++"":true,""a2_relipa"":false},""q5_p18"":{""a1_hou21_shadowm"":false,""a2_difareli++"":true},""q6_p18"":{""a1_hou21_shadowm"":true,""a2_difareli++"":false},""q7_p1"":{""a1_relipa"":false,""a2_difareli++"":true},""q8_p1"":{""a1_relipa"":false,""a2_difareli++"":true},""q9_p4"":{""a1_relipa"":false,""a2_difareli++"":true},""q{qnum}_p1"":{""a{anum}_{name}"":false},""q{qnum}_p12"":{""a{anum}_{name}"":false},""q{qnum}_p14"":{""a{anum}_{name}"":false},""q{qnum}_p17"":{""a{anum}_{name}"":false},""q{qnum}_p18"":{""a{anum}_{name}"":false},""q{qnum}_p20"":{""a{anum}_{name}"":false},""q{qnum}_p4"":{""a{anum}_{name}"":false},""q{qnum}_p7"":{""a{anum}_{name}"":false},""q{qnum}_p8"":{""a{anum}_{name}"":false},""q{qnum}_p9"":{""a{anum}_{name}"":false},""q{qnum}_p{p}"":{""a{anum}_{name}"":false}}]"
"3YGYP1365F7NZF27EPG8GNHYY8TRN6","33VSRLCQVFZ8VYZBSQI3AA110LIXCD","Evaluating face relighting results","In each task, you will assess which result most convincingly relights an input face image to match a target lighting condition.","Computer vision, Face relighting, Evaluation, User study, Computer graphic, AI, Machine learning, Deep learning","$0.15","Thu Sep 18 01:01:00 PDT 2025","15","BatchId:5346586;OriginalHitTemplateId:920937340;","300","259200","Thu Sep 25 01:01:00 PDT 2025","","","3R2UR8A0IPES1GMPE5RF9EZMXJUOXZ","A1IOMFFEKCWOIT","Submitted","Thu Sep 18 01:20:38 PDT 2025","Thu Sep 18 01:23:09 PDT 2025","Sun Sep 21 01:23:09 PDT 2025","","","","151","0% (0/0)","0% (0/0)","0% (0/0)","1","1","pair14#pair12#pair18#pair1#pair4#pair17#pair9#pair20#pair7#pair8","difareli++-vs-diffusionrig#difareli++-vs-relipa#difareli++-vs-hou21_shadowm#difareli++-vs-relipa#difareli++-vs-relipa#difareli++-vs-hou22_geom#difareli++-vs-diffusionrig#difareli++-vs-relipa#difareli++-vs-diffusionrig#difareli++-vs-hou22_geom","1","[{""q10_p4"":{""a1_difareli++"":true,""a2_relipa"":false},""q11_p17"":{""a1_difareli++"":true,""a2_hou22_geom"":false},""q12_p17"":{""a1_hou22_geom"":false,""a2_difareli++"":true},""q13_p9"":{""a1_diffusionrig"":false,""a2_difareli++"":true},""q14_p9"":{""a1_diffusionrig"":false,""a2_difareli++"":true},""q15_p20"":{""a1_relipa"":false,""a2_difareli++"":true},""q16_p20"":{""a1_difareli++"":true,""a2_relipa"":false},""q17_p7"":{""a1_diffusionrig"":false,""a2_difareli++"":true},""q18_p7"":{""a1_difareli++"":true,""a2_diffusionrig"":false},""q19_p8"":{""a1_hou22_geom"":true,""a2_difareli++"":false},""q1_p14"":{""a1_difareli++"":true,""a2_diffusionrig"":false},""q20_p8"":{""a1_hou22_geom"":true,""a2_difareli++"":false},""q2_p14"":{""a1_diffusionrig"":false,""a2_difareli++"":true},""q3_p12"":{""a1_relipa"":false,""a2_difareli++"":true},""q4_p12"":{""a1_difareli++"":true,""a2_relipa"":false},""q5_p18"":{""a1_difareli++"":true,""a2_hou21_shadowm"":false},""q6_p18"":{""a1_hou21_shadowm"":false,""a2_difareli++"":true},""q7_p1"":{""a1_relipa"":false,""a2_difareli++"":true},""q8_p1"":{""a1_relipa"":false,""a2_difareli++"":true},""q9_p4"":{""a1_difareli++"":true,""a2_relipa"":false},""q{qnum}_p1"":{""a{anum}_{name}"":false},""q{qnum}_p12"":{""a{anum}_{name}"":false},""q{qnum}_p14"":{""a{anum}_{name}"":false},""q{qnum}_p17"":{""a{anum}_{name}"":false},""q{qnum}_p18"":{""a{anum}_{name}"":false},""q{qnum}_p20"":{""a{anum}_{name}"":false},""q{qnum}_p4"":{""a{anum}_{name}"":false},""q{qnum}_p7"":{""a{anum}_{name}"":false},""q{qnum}_p8"":{""a{anum}_{name}"":false},""q{qnum}_p9"":{""a{anum}_{name}"":false},""q{qnum}_p{p}"":{""a{anum}_{name}"":false}}]"
"3YGYP1365F7NZF27EPG8GNHYY8TRN6","33VSRLCQVFZ8VYZBSQI3AA110LIXCD","Evaluating face relighting results","In each task, you will assess which result most convincingly relights an input face image to match a target lighting condition.","Computer vision, Face relighting, Evaluation, User study, Computer graphic, AI, Machine learning, Deep learning","$0.15","Thu Sep 18 01:01:00 PDT 2025","15","BatchId:5346586;OriginalHitTemplateId:920937340;","300","259200","Thu Sep 25 01:01:00 PDT 2025","","","3TUI152ZZQLNWRECMPYC3AQL75XQ1H","A5LYLHG880ABE","Submitted","Thu Sep 18 01:26:03 PDT 2025","Thu Sep 18 01:27:32 PDT 2025","Sun Sep 21 01:27:32 PDT 2025","","","","89","100% (5/5)","0% (0/0)","0% (0/0)","1","1","pair14#pair12#pair18#pair1#pair4#pair17#pair9#pair20#pair7#pair8","difareli++-vs-diffusionrig#difareli++-vs-relipa#difareli++-vs-hou21_shadowm#difareli++-vs-relipa#difareli++-vs-relipa#difareli++-vs-hou22_geom#difareli++-vs-diffusionrig#difareli++-vs-relipa#difareli++-vs-diffusionrig#difareli++-vs-hou22_geom","1","[{""q10_p4"":{""a1_difareli++"":false,""a2_relipa"":true},""q11_p17"":{""a1_difareli++"":true,""a2_hou22_geom"":false},""q12_p17"":{""a1_hou22_geom"":false,""a2_difareli++"":true},""q13_p9"":{""a1_diffusionrig"":true,""a2_difareli++"":false},""q14_p9"":{""a1_difareli++"":true,""a2_diffusionrig"":false},""q15_p20"":{""a1_difareli++"":true,""a2_relipa"":false},""q16_p20"":{""a1_difareli++"":false,""a2_relipa"":true},""q17_p7"":{""a1_difareli++"":true,""a2_diffusionrig"":false},""q18_p7"":{""a1_difareli++"":false,""a2_diffusionrig"":true},""q19_p8"":{""a1_hou22_geom"":true,""a2_difareli++"":false},""q1_p14"":{""a1_diffusionrig"":true,""a2_difareli++"":false},""q20_p8"":{""a1_difareli++"":false,""a2_hou22_geom"":true},""q2_p14"":{""a1_difareli++"":true,""a2_diffusionrig"":false},""q3_p12"":{""a1_relipa"":true,""a2_difareli++"":false},""q4_p12"":{""a1_difareli++"":true,""a2_relipa"":false},""q5_p18"":{""a1_difareli++"":false,""a2_hou21_shadowm"":true},""q6_p18"":{""a1_hou21_shadowm"":true,""a2_difareli++"":false},""q7_p1"":{""a1_difareli++"":true,""a2_relipa"":false},""q8_p1"":{""a1_relipa"":false,""a2_difareli++"":true},""q9_p4"":{""a1_relipa"":true,""a2_difareli++"":false},""q{qnum}_p1"":{""a{anum}_{name}"":false},""q{qnum}_p12"":{""a{anum}_{name}"":false},""q{qnum}_p14"":{""a{anum}_{name}"":false},""q{qnum}_p17"":{""a{anum}_{name}"":false},""q{qnum}_p18"":{""a{anum}_{name}"":false},""q{qnum}_p20"":{""a{anum}_{name}"":false},""q{qnum}_p4"":{""a{anum}_{name}"":false},""q{qnum}_p7"":{""a{anum}_{name}"":false},""q{qnum}_p8"":{""a{anum}_{name}"":false},""q{qnum}_p9"":{""a{anum}_{name}"":false},""q{qnum}_p{p}"":{""a{anum}_{name}"":false}}]"